AverageTemperature,AverageTemperatureUncertainty,AverageAnomaly
-4.464,3.658,-0.937333333333334
-1.6840000000000002,3.891,-0.12213333333333343
1.953,2.7,-0.5794666666666666
6.2810000000000015,1.991,-1.9229333333333338
13.429,2.212,-0.38243333333332963
18.779,2.524,0.032766666666663724
19.775,2.257,-1.7021999999999942
20.527,2.149,0.023566666666670955
14.48,1.597,-1.8755666666666642
8.802999999999999,1.919,-1.220133333333333
2.184,2.8360000000000003,-0.6272333333333338
-4.013999999999999,2.659,-1.892
-3.755,3.49,-0.2283333333333335
-0.841,2.861,0.7208666666666668
5.106,2.387,2.5735333333333332
7.528,1.926,-0.6759333333333357
13.527,2.014,-0.28443333333333065
18.64,1.71,-0.10623333333333562
21.539,1.577,0.06180000000000874
20.211,2.069,-0.29243333333333155
15.117,1.954,-1.2385666666666637
7.702000000000001,1.963,-2.3211333333333313
1.5119999999999998,2.2230000000000003,-1.2992333333333341
-5.644,2.705,-3.5220000000000007
-3.994,2.937,-0.4673333333333338
-4.542,3.052,-2.980133333333333
2.172,2.36,-0.3604666666666665
7.855,2.603,-0.34893333333333487
13.135,2.04,-0.6764333333333301
19.397,1.902,0.6507666666666623
21.453000000000003,1.5830000000000002,-0.024199999999989785
20.076,1.686,-0.42743333333332956
14.138,1.922,-2.2175666666666647
7.79,1.899,-2.233133333333332
1.158,3.428,-1.653233333333334
-3.706,2.518,-1.5840000000000005
-2.7780000000000005,2.815,0.7486666666666659
-2.8920000000000003,3.08,-1.3301333333333336
1.779,2.4930000000000003,-0.7534666666666667
7.206,2.124,-0.9979333333333349
13.308,2.029,-0.5034333333333301
18.61,2.314,-0.13623333333333676
21.696,2.985,0.21880000000000877
20.063,2.062,-0.44043333333333123
15.616,2.106,-0.7395666666666649
7.966,2.043,-2.057133333333332
2.241,2.543,-0.5702333333333338
-0.7879999999999999,3.508,1.3339999999999996
-2.982,3.357,0.5446666666666662
-0.8140000000000001,2.529,0.7478666666666667
3.479,2.795,0.9465333333333334
9.148,2.542,0.9440666666666644
13.561,1.815,-0.25043333333332995
19.291,1.4780000000000002,0.5447666666666642
21.659,2.335,0.18180000000000618
20.304,2.273,-0.19943333333333157
15.717,1.756,-0.6385666666666641
8.367,2.282,-1.6561333333333312
2.843,2.3680000000000003,0.031766666666666055
-2.975,2.537,-0.8530000000000006
-4.033,2.737,-0.506333333333334
-2.8960000000000004,2.713,-1.3341333333333336
2.506,2.419,-0.02646666666666686
7.631,2.405,-0.5729333333333351
15.149,2.024,1.3375666666666692
18.736,2.415,-0.010233333333335537
21.247,1.68,-0.23019999999999285
19.518,1.837,-0.9854333333333294
14.648,2.115,-1.707566666666665
8.75,2.516,-1.2731333333333321
3.073,2.017,0.26176666666666604
-1.3809999999999998,3.0210000000000004,0.7409999999999997
-2.641,3.232,0.8856666666666664
0.1980000000000001,2.577,1.759866666666667
3.415,2.679,0.8825333333333334
8.883000000000003,2.909,0.6790666666666674
14.424,2.562,0.6125666666666696
18.98,2.205,0.23376666666666424
21.709,1.739,0.2318000000000069
20.468,1.725,-0.0354333333333301
15.255999999999998,1.604,-1.0995666666666661
8.908,1.926,-1.1151333333333326
2.777,2.205,-0.03423333333333378
-3.153,3.472,-1.0310000000000006
-4.3820000000000014,2.567,-0.855333333333335
-1.644,2.255,-0.08213333333333317
3.02,2.271,0.4875333333333334
7.510000000000002,2.399,-0.6939333333333337
14.023,2.594,0.2115666666666698
20.228,2.03,1.4817666666666653
21.908,1.38,0.4308000000000085
20.612,1.66,0.10856666666666825
14.216,1.3330000000000002,-2.1395666666666653
8.968,1.565,-1.0551333333333321
3.0700000000000003,1.769,0.25876666666666637
-1.347,2.84,0.7749999999999995
-3.462,2.043,0.0646666666666662
-4.2810000000000015,1.967,-2.7191333333333345
1.813,1.621,-0.7194666666666667
7.411,1.658,-0.7929333333333357
14.96,2.877,1.148566666666671
19.282,1.774,0.5357666666666638
21.577,1.514,0.09980000000000899
20.675,1.545,0.17156666666667064
14.646,1.952,-1.7095666666666638
9.41,1.6669999999999998,-0.613133333333332
0.8500000000000001,2.824,-1.9612333333333338
-2.21,3.667,-0.08800000000000052
-3.184,3.48,0.34266666666666623
-0.3959999999999999,2.47,1.1658666666666668
2.605,2.231,0.07253333333333334
8.823,1.941,0.6190666666666651
12.994000000000002,1.868,-0.8174333333333283
18.292,2.463,-0.4542333333333346
22.816,1.658,1.3388000000000062
20.417,2.014,-0.08643333333332848
14.802,2.378,-1.553566666666665
9.557,2.7430000000000003,-0.46613333333333173
5.51,2.486,2.698766666666666
-1.6549999999999998,3.123,0.46699999999999964
-4.921,3.076,-1.3943333333333339
-3.167,4.591,-1.605133333333333
2.504,3.563,-0.02846666666666664
7.258999999999999,1.933,-0.9449333333333367
13.387,2.842,-0.42443333333332944
18.701,2.126,-0.04523333333333568
20.806,1.654,-0.6711999999999918
19.725,1.822,-0.7784333333333286
14.002,1.884,-2.353566666666664
8.537,2.128,-1.4861333333333313
1.45,4.418,-1.361233333333334
-5.634,3.71,-3.512000000000001
-3.4920000000000004,2.084,0.03466666666666596
-3.378,2.5780000000000003,-1.8161333333333334
3.056,1.733,0.5235333333333334
8.014000000000001,2.7710000000000004,-0.18993333333333418
12.851,1.96,-0.960433333333329
18.596,1.896,-0.1502333333333361
21.043000000000003,2.375,-0.4341999999999899
18.667,2.0580000000000003,-1.8364333333333285
14.722,2.339,-1.633566666666665
9.104,1.92,-0.9191333333333329
2.089,1.503,-0.722233333333334
-2.303,3.1830000000000003,-0.1810000000000005
-2.264,2.533,1.2626666666666666
-1.473,1.843,0.08886666666666665
2.461,2.24,-0.07146666666666679
8.215,1.664,0.01106666666666456
13.602,1.876,-0.20943333333332959
18.105,1.7280000000000002,-0.6412333333333358
21.092,1.3219999999999998,-0.385199999999994
20.136,1.431,-0.36743333333333084
15.81,1.412,-0.5455666666666641
7.8610000000000015,1.614,-2.1621333333333306
3.764,1.4680000000000002,0.9527666666666659
-1.5659999999999998,1.976,0.5559999999999996
-5.445,2.19,-1.918333333333334
-0.1399999999999999,1.858,1.4218666666666668
3.033,2.251,0.5005333333333333
8.405000000000001,2.104,0.20106666666666584
13.831,1.7009999999999998,0.01956666666666962
18.164,2.448,-0.5822333333333347
21.747,1.551,0.26980000000000715
20.436,1.394,-0.06743333333333013
15.213,2.523,-1.1425666666666654
8.843,1.705,-1.1801333333333321
3.726,1.821,0.9147666666666661
-1.858,1.927,0.26399999999999935
-2.3020000000000005,1.851,1.224666666666666
-4.543,2.182,-2.981133333333333
1.642,1.931,-0.8904666666666667
7.097,2.209,-1.1069333333333349
13.485,1.611,-0.32643333333333047
18.038,1.982,-0.7082333333333359
20.119,1.867,-1.358199999999993
18.959,1.436,-1.5444333333333304
13.626,1.716,-2.729566666666665
7.752000000000001,1.4240000000000002,-2.2711333333333314
0.5019999999999998,1.91,-2.309233333333334
-3.904,1.938,-1.7820000000000005
-4.311,1.608,-0.7843333333333335
-2.73,1.814,-1.1681333333333332
0.4989999999999999,1.661,-2.0334666666666665
7.309000000000001,1.324,-0.8949333333333342
13.747,1.401,-0.06443333333333001
17.762,1.265,-0.9842333333333357
20.591,1.791,-0.8861999999999917
18.956,1.604,-1.5474333333333306
14.76,2.157,-1.5955666666666648
7.0310000000000015,4.377,-2.9921333333333306
0.977,1.755,-1.834233333333334
-3.824,2.282,-1.7020000000000004
-3.744,2.0340000000000003,-0.21733333333333382
-1.073,1.607,0.4888666666666668
0.696,1.866,-1.8364666666666667
5.57,1.5759999999999998,-2.633933333333335
12.293,1.597,-1.5184333333333306
17.685,1.675,-1.0612333333333375
21.028,1.608,-0.44919999999999405
19.874,1.534,-0.6294333333333313
14.744000000000002,1.42,-1.611566666666663
8.236,2.464,-1.7871333333333315
3.022,2.024,0.21076666666666588
-2.518,3.617,-0.39600000000000035
-4.79,2.454,-1.2633333333333336
-5.803,2.063,-4.241133333333333
2.609,1.786,0.07653333333333334
7.002999999999999,1.651,-1.200933333333336
11.79,1.481,-2.0214333333333308
18.865,1.621,0.11876666666666225
21.958,3.1260000000000003,0.48080000000000567
20.545,2.86,0.04156666666667164
15.265999999999998,1.669,-1.0895666666666664
7.551,3.467,-2.472133333333332
-0.1389999999999998,2.702,-2.9502333333333337
-4.271,2.417,-2.1490000000000005
-2.849,2.042,0.6776666666666662
-0.5670000000000001,1.882,0.9948666666666667
1.227,1.443,-1.3054666666666666
9.892,1.846,1.6880666666666642
13.35,1.3130000000000002,-0.46143333333333025
18.043,1.3769999999999998,-0.7032333333333369
21.384,2.952,-0.0931999999999924
20.415,2.0580000000000003,-0.08843333333333092
14.565,1.6669999999999998,-1.790566666666665
9.663,1.5530000000000002,-0.36013333333333186
0.81,1.6909999999999998,-2.001233333333334
-3.667,1.384,-1.5450000000000004
-3.875,1.4880000000000002,-0.3483333333333336
-1.15,1.654,0.4118666666666668
2.872,1.276,0.33953333333333324
8.145000000000001,2.148,-0.05893333333333395
13.81,1.628,-0.0014333333333294007
18.805,1.331,0.058766666666663525
21.067,1.359,-0.41019999999999257
19.613,1.227,-0.8904333333333305
14.583,1.372,-1.7725666666666644
7.772,1.815,-2.251133333333332
0.7990000000000002,2.842,-2.0122333333333335
-3.423,1.716,-1.3010000000000006
-4.347,1.87,-0.820333333333334
-2.389,1.3219999999999998,-0.827133333333333
1.843,2.95,-0.6894666666666667
6.896000000000001,1.5730000000000002,-1.3079333333333345
13.302,1.1740000000000002,-0.5094333333333303
18.867,1.114,0.12076666666666469
21.652,1.446,0.17480000000000828
19.897,1.281,-0.6064333333333316
14.695,1.234,-1.6605666666666643
7.849,1.4280000000000002,-2.174133333333332
1.976,1.246,-0.8352333333333339
-2.45,2.01,-0.32800000000000074
-2.712,1.783,0.8146666666666662
-1.6880000000000002,1.721,-0.12613333333333343
4.896000000000001,2.133,2.363533333333334
8.972000000000003,1.786,0.7680666666666678
12.761,1.356,-1.0504333333333307
17.535,1.216,-1.211233333333336
20.01,1.465,-1.4671999999999912
19.157,1.359,-1.34643333333333
15.074000000000002,1.3019999999999998,-1.281566666666663
8.606,1.457,-1.4171333333333322
0.2309999999999999,1.895,-2.580233333333334
-2.542,1.62,-0.4200000000000004
-2.5900000000000003,1.79,0.9366666666666661
-4.293,1.53,-2.731133333333333
0.0790000000000001,1.395,-2.4534666666666665
7.1190000000000015,1.531,-1.0849333333333337
12.404000000000002,1.34,-1.4074333333333282
17.669,1.449,-1.0772333333333357
20.568,1.173,-0.9091999999999913
19.48,1.679,-1.0234333333333296
15.611,1.11,-0.7445666666666639
7.056000000000001,1.713,-2.967133333333331
1.628,1.3090000000000002,-1.183233333333334
-1.327,2.467,0.7949999999999995
-4.2570000000000014,1.274,-0.730333333333335
-1.3090000000000002,1.415,0.2528666666666666
1.879,2.086,-0.6534666666666666
9.174,1.197,0.9700666666666642
13.044,1.218,-0.7674333333333294
17.817,1.2009999999999998,-0.929233333333336
21.08,1.1740000000000002,-0.39719999999999445
19.314,2.402,-1.18943333333333
14.376,1.338,-1.9795666666666651
7.837999999999999,1.415,-2.185133333333333
1.202,1.362,-1.609233333333334
-3.164,1.712,-1.0420000000000007
-1.887,1.974,1.6396666666666664
-1.259,2.793,0.30286666666666684
2.653,1.46,0.12053333333333338
8.731,1.456,0.5270666666666646
13.1,1.7280000000000002,-0.7114333333333303
18.06,1.509,-0.6862333333333375
21.317,1.306,-0.16019999999999257
20.241,1.3019999999999998,-0.2624333333333304
15.442,1.305,-0.9135666666666644
7.685,1.346,-2.3381333333333325
1.414,1.679,-1.397233333333334
-4.59,2.115,-2.4680000000000004
-1.194,2.604,2.3326666666666664
-2.186,2.342,-0.6241333333333332
4.004,2.239,1.471533333333333
7.489000000000001,1.767,-0.7149333333333345
14.364,1.912,0.5525666666666709
18.358,1.878,-0.38823333333333565
21.826,2.026,0.34880000000000777
20.785,1.6,0.2815666666666701
16.308,1.804,-0.04756666666666476
8.224,1.744,-1.799133333333332
2.983,2.187,0.17176666666666618
-1.325,2.267,0.7969999999999995
-5.013999999999999,5.0710000000000015,-1.487333333333333
-1.49,2.279,0.07186666666666675
0.214,2.729,-2.3184666666666667
8.002,1.761,-0.20193333333333463
12.332,1.609,-1.4794333333333292
17.855999999999995,1.709,-0.8902333333333416
20.932,1.5490000000000002,-0.5451999999999941
19.422,1.431,-1.0814333333333295
15.095999999999998,1.271,-1.2595666666666663
8.555,1.3119999999999998,-1.4681333333333324
2.1950000000000003,1.521,-0.6162333333333336
-3.215,2.108,-1.0930000000000004
-3.4910000000000005,1.955,0.03566666666666585
-0.89,1.685,0.6718666666666667
1.793,1.409,-0.7394666666666667
7.301,1.433,-0.9029333333333351
13.754,1.629,-0.05743333333333034
18.118,1.598,-0.6282333333333376
20.497,2.093,-0.9801999999999929
19.463,1.453,-1.040433333333329
14.119000000000002,1.653,-2.236566666666663
8.721,1.425,-1.302133333333332
0.5310000000000001,1.96,-2.280233333333334
-3.714,2.833,-1.5920000000000005
-4.8050000000000015,2.065,-1.278333333333335
-3.42,1.465,-1.8581333333333332
2.8110000000000004,1.829,0.27853333333333374
7.061,1.634,-1.1429333333333354
12.376,1.351,-1.4354333333333305
18.877,1.454,0.1307666666666627
21.099,1.01,-0.37819999999999254
20.072,1.156,-0.4314333333333309
15.59,0.945,-0.7655666666666647
8.195,1.41,-1.8281333333333318
3.702,1.5490000000000002,0.890766666666666
-4.008,1.564,-1.8860000000000006
-3.5000000000000004,1.499,0.02666666666666595
-1.866,1.658,-0.30413333333333337
1.2029999999999998,2.858,-1.3294666666666668
6.434000000000001,2.314,-1.7699333333333342
12.444,0.98,-1.367433333333329
18.399,1.006,-0.3472333333333353
21.577,1.143,0.09980000000000899
21.305,1.172,0.8015666666666696
16.205,1.033,-0.1505666666666663
9.138,1.035,-0.8851333333333322
2.341,1.769,-0.4702333333333337
-4.699999999999998,1.439,-2.577999999999999
-3.0860000000000003,1.329,0.4406666666666661
-1.3,1.362,0.2618666666666667
3.1010000000000004,1.214,0.5685333333333338
7.706,1.4780000000000002,-0.4979333333333349
14.004,0.894,0.19256666666666966
18.762,0.84,0.015766666666664264
21.42,1.889,-0.057199999999991036
20.416,1.711,-0.0874333333333297
16.586,0.975,0.23043333333333393
9.066,2.137,-0.9571333333333314
1.196,1.238,-1.615233333333334
-3.981,3.245,-1.8590000000000004
-4.5600000000000005,2.676,-1.033333333333334
-0.86,1.4369999999999998,0.7018666666666667
1.5099999999999998,1.26,-1.0224666666666669
6.4220000000000015,1.41,-1.7819333333333338
14.034,1.119,0.2225666666666708
18.787,0.83,0.04076666666666284
21.327,1.539,-0.150199999999991
19.911,0.982,-0.5924333333333287
14.864,1.4780000000000002,-1.4915666666666638
9.341,1.2819999999999998,-0.6821333333333328
0.5740000000000003,1.5119999999999998,-2.2372333333333336
-3.153,1.2,-1.0310000000000006
-3.65,1.49,-0.12333333333333352
-2.9210000000000003,1.231,-1.3591333333333335
1.896,1.5759999999999998,-0.6364666666666667
8.517999999999999,1.254,0.3140666666666636
13.762,1.065,-0.04943333333332944
19.101,1.021,0.3547666666666629
20.894,0.93,-0.5831999999999944
19.869,1.196,-0.6344333333333303
15.895,1.169,-0.460566666666665
8.011000000000001,0.977,-2.012133333333331
2.7260000000000004,1.979,-0.0852333333333335
-2.582,1.608,-0.4600000000000004
-4.9860000000000015,1.979,-1.4593333333333351
-1.785,1.579,-0.22313333333333318
3.089,1.493,0.5565333333333333
8.219000000000001,1.038,0.015066666666665895
13.403,1.067,-0.40843333333332943
18.509,1.367,-0.23723333333333585
22.205,1.421,0.7278000000000056
20.667,1.916,0.16356666666667152
16.235,0.923,-0.12056666666666516
10.026,1.122,0.002866666666667683
2.748,1.233,-0.0632333333333337
-2.475,2.6710000000000003,-0.35300000000000065
-3.133,2.419,0.3936666666666664
-2.983,1.771,-1.4211333333333334
1.827,1.388,-0.7054666666666667
9.182,1.91,0.9780666666666651
14.383,1.692,0.5715666666666692
18.57,1.239,-0.1762333333333359
21.358,1.106,-0.1191999999999922
20.053,1.087,-0.45043333333332924
16.241,1.047,-0.11456666666666493
8.497,1.4469999999999998,-1.5261333333333322
2.21,1.495,-0.601233333333334
-4.692,2.004,-2.5700000000000007
-6.784000000000002,1.383,-3.257333333333335
-3.514,1.779,-1.952133333333333
1.005,1.4509999999999998,-1.5274666666666668
8.661000000000001,0.987,0.45706666666666607
13.892,1.347,0.08056666666666956
19.978,1.4169999999999998,1.2317666666666653
22.019,0.82,0.5418000000000056
19.801,1.755,-0.7024333333333317
15.327,1.504,-1.0285666666666646
8.573,1.176,-1.4501333333333317
1.418,1.164,-1.393233333333334
-5.057,1.73,-2.935000000000001
-7.097,1.372,-3.570333333333334
-0.3140000000000001,1.295,1.2478666666666667
2.048,1.132,-0.4844666666666666
5.974,0.83,-2.229933333333335
13.08,0.843,-0.7314333333333298
18.802,0.902,0.05576666666666341
21.27,1.031,-0.20719999999999317
19.998,1.258,-0.505433333333329
15.482,1.072,-0.8735666666666653
8.168000000000001,1.3530000000000002,-1.855133333333331
1.411,1.089,-1.4002333333333339
-1.138,1.3090000000000002,0.9839999999999995
-1.6700000000000004,1.686,1.856666666666666
-3.389,1.109,-1.827133333333333
2.79,1.404,0.2575333333333334
7.782,1.452,-0.42193333333333527
13.287,1.162,-0.5244333333333291
18.995,1.3730000000000002,0.2487666666666648
21.112,1.257,-0.3651999999999944
19.787,1.315,-0.716433333333331
15.665,1.097,-0.6905666666666654
8.946,1.379,-1.0771333333333324
0.7330000000000001,1.489,-2.078233333333334
-3.084,1.569,-0.9620000000000006
-4.056,1.33,-0.5293333333333337
-1.518,1.245,0.04386666666666672
2.693,1.399,0.16053333333333342
6.471,1.262,-1.7329333333333352
14.088,1.213,0.2765666666666693
18.836,1.078,0.08976666666666233
20.808000000000003,1.35,-0.6691999999999894
19.616,1.304,-0.8874333333333304
14.634,1.119,-1.7215666666666642
7.811,1.081,-2.212133333333332
2.337,1.062,-0.47423333333333373
-5.518,1.5530000000000002,-3.3960000000000004
-3.784,1.5419999999999998,-0.2573333333333334
-2.008,1.386,-0.44613333333333327
3.3120000000000003,2.13,0.7795333333333336
7.939,1.089,-0.26493333333333524
13.918,1.215,0.10656666666666936
18.693,0.942,-0.0532333333333348
21.548,0.713,0.07080000000000553
20.256,0.899,-0.24743333333332984
15.433,0.828,-0.9225666666666648
9.236,0.915,-0.7871333333333315
1.876,0.95,-0.935233333333334
-3.448,1.35,-1.3260000000000005
-5.307,1.5759999999999998,-1.780333333333334
-1.211,1.319,0.35086666666666666
2.317,0.979,-0.21546666666666647
8.307,1.032,0.10306666666666509
13.165,0.973,-0.6464333333333308
19.429,1.423,0.6827666666666623
21.232,1.109,-0.24519999999999342
19.954,0.921,-0.5494333333333294
15.71,0.742,-0.6455666666666637
8.788,1.005,-1.2351333333333319
2.684,1.346,-0.12723333333333375
-1.262,1.406,0.8599999999999994
-4.437,2.0780000000000003,-0.9103333333333339
-4.321000000000001,1.388,-2.7591333333333337
1.3259999999999998,1.002,-1.2064666666666668
6.7620000000000005,1.033,-1.4419333333333348
13.759,1.293,-0.05243333333332956
18.554,1.096,-0.1922333333333377
21.368,1.109,-0.10919999999999419
20.505,1.071,0.0015666666666689366
15.929,1.102,-0.4265666666666643
8.931000000000003,1.315,-1.0921333333333294
1.883,0.974,-0.9282333333333339
-1.6909999999999998,2.083,0.4309999999999996
-2.595,2.361,0.9316666666666662
-2.232,2.423,-0.6701333333333335
2.419,1.058,-0.1134666666666666
8.4,1.181,0.19606666666666506
14.146,1.415,0.3345666666666709
18.404,0.8809999999999999,-0.3422333333333363
21.136,0.936,-0.3411999999999935
19.922,0.972,-0.5814333333333295
15.775,0.725,-0.5805666666666642
7.412999999999999,0.863,-2.6101333333333328
1.683,1.342,-1.1282333333333339
-3.116,1.455,-0.9940000000000007
-4.711,1.604,-1.184333333333334
-0.944,1.694,0.6178666666666668
1.3609999999999998,1.172,-1.1714666666666669
7.272,1.109,-0.9319333333333351
14.569,0.95,0.7575666666666709
19.062,1.308,0.315766666666665
21.837,1.151,0.359800000000007
20.748,1.366,0.24456666666667104
16.122,1.236,-0.2335666666666647
7.545,1.023,-2.478133333333332
1.575,1.453,-1.236233333333334
-3.863,1.446,-1.7410000000000005
-4.758,1.217,-1.2313333333333336
-2.03,1.285,-0.46813333333333307
1.3059999999999998,1.063,-1.2264666666666668
7.276000000000002,1.235,-0.9279333333333337
14.495,1.001,0.6835666666666693
19.625,0.976,0.8787666666666638
20.81,1.311,-0.667199999999994
20.363,1.111,-0.14043333333333052
17.28,0.705,0.9244333333333365
8.857000000000001,0.949,-1.166133333333331
3.4960000000000004,1.178,0.6847666666666665
-4.772,1.5,-2.650000000000001
-4.378,1.22,-0.8513333333333337
-2.927,1.505,-1.3651333333333333
1.614,1.213,-0.9184666666666665
8.654,1.073,0.4500666666666646
13.259,1.306,-0.5524333333333296
18.236,0.877,-0.5102333333333355
21.679,0.913,0.20180000000000575
19.507,1.031,-0.9964333333333286
14.729,0.838,-1.6265666666666654
9.139,0.914,-0.8841333333333328
3.008,1.123,0.1967666666666661
-2.508,1.416,-0.38600000000000056
-4.7940000000000005,1.641,-1.267333333333334
-1.556,1.181,0.005866666666666687
-1.0100000000000002,1.114,-3.542466666666667
7.772,1.45,-0.43193333333333506
12.576,0.889,-1.2354333333333294
19.347,1.182,0.6007666666666651
21.011,1.139,-0.4661999999999935
20.424,0.943,-0.07943333333333058
16.492,1.089,0.1364333333333363
9.517,0.8740000000000001,-0.5061333333333327
3.54,1.953,0.7287666666666661
-1.211,2.023,0.9109999999999994
-6.279,1.261,-2.7523333333333335
-2.536,1.651,-0.9741333333333333
3.702,1.097,1.1695333333333333
7.401000000000002,1.236,-0.8029333333333337
13.762,1.157,-0.04943333333332944
18.911,0.8190000000000001,0.16476666666666517
22.242,0.856,0.7648000000000081
19.646,1.072,-0.8574333333333293
14.564,0.836,-1.7915666666666645
8.801,0.909,-1.222133333333332
1.7040000000000002,1.188,-1.1072333333333337
-3.429,1.347,-1.3070000000000004
-2.7310000000000003,1.23,0.7956666666666661
-1.941,1.494,-0.3791333333333333
1.265,1.277,-1.2674666666666667
7.326,1.774,-0.8779333333333357
13.682,1.265,-0.12943333333332951
18.377,0.642,-0.3692333333333373
21.268,0.748,-0.20919999999999206
20.645,0.606,0.1415666666666695
15.604,0.6579999999999999,-0.7515666666666654
7.075,0.966,-2.948133333333332
2.111,0.848,-0.7002333333333337
-2.946,1.068,-0.8240000000000007
-3.0850000000000004,1.253,0.441666666666666
-1.1760000000000002,1.064,0.3858666666666666
0.74,0.853,-1.7924666666666667
8.493,0.764,0.28906666666666503
14.711,0.838,0.8995666666666704
19.418,1.236,0.6717666666666631
22.188,1.016,0.7108000000000061
19.771,0.696,-0.7324333333333293
16.215,0.72,-0.14056666666666473
9.304,1.099,-0.7191333333333318
3.3200000000000003,1.507,0.5087666666666664
-3.945,1.077,-1.8230000000000004
-3.1930000000000005,1.127,0.3336666666666659
-1.4269999999999998,1.689,0.1348666666666669
2.889,1.151,0.35653333333333315
8.361,0.735,0.15706666666666536
14.448,0.684,0.6365666666666705
19.791,0.537,1.0447666666666642
21.367,0.946,-0.11019999999999186
20.67,0.805,0.16656666666667164
15.505999999999998,0.93,-0.8495666666666661
9.436,0.902,-0.5871333333333322
0.444,0.992,-2.367233333333334
-3.811,1.145,-1.6890000000000005
-4.727,2.024,-1.200333333333334
-1.918,1.668,-0.3561333333333332
1.03,1.223,-1.5024666666666666
7.558000000000002,1.45,-0.6459333333333337
14.253,0.957,0.4415666666666702
19.09,0.998,0.34376666666666367
21.065,0.994,-0.41219999999999146
20.442,1.304,-0.0614333333333299
15.574000000000002,0.586,-0.781566666666663
8.901,0.608,-1.1221333333333323
-0.3080000000000003,0.816,-3.119233333333334
-4.9510000000000005,1.683,-2.829000000000001
-5.1770000000000005,1.233,-1.650333333333334
-2.979,1.3090000000000002,-1.4171333333333334
2.016,1.187,-0.5164666666666666
6.508000000000001,1.155,-1.6959333333333344
13.091,0.867,-0.7204333333333306
19.304,0.6629999999999999,0.5577666666666623
21.429,0.836,-0.04819999999999425
20.443,0.693,-0.060433333333328676
15.390999999999998,0.7909999999999999,-0.9645666666666664
7.741,0.7509999999999999,-2.2821333333333325
2.115,0.706,-0.6962333333333337
-3.125,0.909,-1.0030000000000006
-3.2920000000000003,0.99,0.23466666666666613
-2.593,0.664,-1.0311333333333332
1.5499999999999998,0.741,-0.9824666666666668
6.25,0.6659999999999999,-1.9539333333333353
15.054,0.745,1.2425666666666704
19.671,0.978,0.9247666666666632
22.079,0.591,0.6018000000000079
21.06,0.762,0.5565666666666687
15.986,0.569,-0.36956666666666393
9.605,0.723,-0.4181333333333317
1.937,0.708,-0.8742333333333339
-2.091,0.893,0.03099999999999925
-7.57,0.987,-4.043333333333334
-4.215999999999998,1.019,-2.6541333333333315
0.466,0.7709999999999999,-2.0664666666666665
6.622000000000001,0.727,-1.5819333333333345
14.171,0.7559999999999999,0.3595666666666695
18.848,1.005,0.10176666666666279
21.284,0.742,-0.19319999999999382
19.652,0.5529999999999999,-0.851433333333329
15.357,0.618,-0.9985666666666653
9.277,0.578,-0.7461333333333329
1.04,0.93,-1.7712333333333339
-0.7349999999999999,0.655,1.3869999999999996
-2.7440000000000007,0.772,0.7826666666666657
-1.631,0.7829999999999999,-0.06913333333333327
0.0769999999999999,1.461,-2.4554666666666667
7.835000000000001,0.925,-0.36893333333333445
13.645,1.036,-0.16643333333333032
18.837,0.7509999999999999,0.09076666666666355
21.524,0.915,0.04680000000000817
20.152,0.81,-0.35143333333332905
15.397,0.8009999999999999,-0.9585666666666643
8.513,0.902,-1.5101333333333322
1.137,0.957,-1.674233333333334
-5.553999999999999,1.042,-3.432
-4.87,1.266,-1.3433333333333337
-0.304,1.038,1.2578666666666667
2.376,0.642,-0.15646666666666675
7.495000000000001,1.021,-0.7089333333333343
13.429,0.645,-0.38243333333332963
18.373,1.809,-0.3732333333333351
21.461,0.764,-0.01619999999999422
20.481,0.8340000000000001,-0.02243333333332842
15.97,0.741,-0.38556666666666395
8.736,0.955,-1.2871333333333315
1.821,1.275,-0.990233333333334
-0.609,1.807,1.5129999999999995
-3.3840000000000003,1.234,0.14266666666666605
-0.5549999999999999,1.304,1.0068666666666668
5.106999999999998,0.98,2.574533333333332
9.132,0.8009999999999999,0.9280666666666644
13.288,0.759,-0.5234333333333296
18.674,0.917,-0.0722333333333367
22.029,0.843,0.5518000000000072
21.152,0.861,0.648566666666671
15.402,0.642,-0.9535666666666653
8.618,0.657,-1.4051333333333318
3.23,0.906,0.41876666666666607
-4.487,1.378,-2.3650000000000007
-4.7410000000000005,0.918,-1.2143333333333342
-2.352,1.024,-0.7901333333333331
4.006,0.792,1.4735333333333336
8.311,1.088,0.10706666666666464
14.541,1.063,0.7295666666666705
18.569000000000003,0.887,-0.17723333333333358
21.696,1.132,0.21880000000000877
19.854,0.945,-0.6494333333333309
15.429,0.682,-0.9265666666666643
10.308,0.901,0.2848666666666677
2.1790000000000003,0.8440000000000001,-0.6322333333333336
-3.6010000000000004,1.22,-1.479000000000001
-1.0400000000000005,1.197,2.486666666666666
-2.064,0.918,-0.5021333333333333
1.101,1.218,-1.4314666666666667
7.747999999999999,0.715,-0.45593333333333597
14.862,0.815,1.0505666666666702
18.939,0.812,0.19276666666666387
20.85,0.789,-0.6271999999999913
19.773,0.87,-0.7304333333333304
15.112,1.004,-1.2435666666666645
8.209,1.075,-1.8141333333333325
-1.399,1.811,-4.210233333333334
-4.767,1.461,-2.645000000000001
-6.51,1.565,-2.9833333333333334
-2.688,1.4280000000000002,-1.1261333333333334
1.906,1.3130000000000002,-0.6264666666666667
7.926,0.8740000000000001,-0.27793333333333514
15.011,0.7,1.1995666666666693
19.178,0.925,0.43176666666666463
21.669,0.483,0.19180000000000774
21.06,0.59,0.5565666666666687
16.254,0.527,-0.10156666666666325
9.491,0.479,-0.5321333333333325
1.372,0.626,-1.4392333333333338
-0.9469999999999998,0.991,1.1749999999999996
-3.498,0.862,0.028666666666666174
-1.097,0.875,0.46486666666666676
2.623,0.7959999999999999,0.09053333333333358
7.622000000000001,0.685,-0.5819333333333345
12.545,0.552,-1.26643333333333
18.541,0.565,-0.20523333333333582
20.368,0.445,-1.1091999999999942
20.066,0.535,-0.4374333333333311
15.52,0.447,-0.835566666666665
9.383,0.466,-0.640133333333333
1.544,0.83,-1.2672333333333339
-3.178,0.507,-1.0560000000000005
-6.158,0.606,-2.631333333333334
-3.898,1.123,-2.3361333333333336
2.093,0.725,-0.43946666666666667
7.540000000000001,0.6679999999999999,-0.6639333333333344
12.981,0.6509999999999999,-0.83043333333333
19.05,0.507,0.3037666666666645
20.922,0.8270000000000001,-0.5551999999999921
19.683,0.539,-0.8204333333333302
15.497,0.493,-0.8585666666666647
8.266,0.48,-1.757133333333332
1.734,0.635,-1.077233333333334
-2.403,0.569,-0.2810000000000006
-5.94,0.529,-2.413333333333334
-3.4760000000000004,0.669,-1.9141333333333337
1.916,0.655,-0.6164666666666667
7.229000000000001,0.665,-0.9749333333333343
13.78,0.5479999999999999,-0.03143333333333054
18.677,0.508,-0.06923333333333659
20.645,0.481,-0.8321999999999932
19.639,0.639,-0.8644333333333307
15.802,0.5710000000000001,-0.553566666666665
9.469,0.7020000000000001,-0.5541333333333327
2.307,0.529,-0.504233333333334
-4.552,1.038,-2.43
-6.103,0.8170000000000001,-2.5763333333333334
-4.119,0.672,-2.557133333333333
1.775,0.7020000000000001,-0.7574666666666667
8.417,0.461,0.21306666666666452
13.598,0.406,-0.21343333333332914
18.295,0.426,-0.4512333333333345
21.241,0.593,-0.23619999999999308
19.644,0.65,-0.8594333333333317
15.656,0.413,-0.699566666666664
8.602,0.584,-1.4211333333333318
2.767,0.564,-0.04423333333333401
-1.872,0.778,0.24999999999999933
-7.581,1.14,-4.054333333333334
-2.065,1.008,-0.5031333333333332
1.17,0.547,-1.3624666666666667
8.099,0.5660000000000001,-0.1049333333333351
14.96,0.51,1.148566666666671
18.672,0.447,-0.0742333333333356
21.862,0.562,0.3848000000000056
20.64,0.489,0.1365666666666705
15.755,0.5,-0.6005666666666638
9.223,0.74,-0.8001333333333314
0.8280000000000001,0.8029999999999999,-1.9832333333333338
-3.381,0.953,-1.2590000000000003
-5.627000000000002,1.077,-2.100333333333335
-3.27,1.113,-1.7081333333333333
2.608,0.7509999999999999,0.07553333333333345
7.865,0.728,-0.3389333333333351
14.755,0.604,0.9435666666666709
18.888,0.47,0.1417666666666655
21.419,0.785,-0.05819999999999226
19.511,0.617,-0.9924333333333308
15.661,0.588,-0.694566666666665
8.152999999999999,0.603,-1.8701333333333334
2.029,0.784,-0.782233333333334
-4.269,1.09,-2.1470000000000007
-7.093,1.002,-3.5663333333333336
-1.344,1.008,0.21786666666666665
0.2989999999999999,0.755,-2.2334666666666667
8.676,0.873,0.47206666666666486
12.962,0.517,-0.8494333333333302
18.356,0.6559999999999999,-0.39023333333333454
21.189,0.552,-0.2881999999999927
19.89,0.593,-0.6134333333333295
15.946,0.569,-0.40956666666666486
8.729000000000001,0.6679999999999999,-1.2941333333333311
1.912,0.767,-0.899233333333334
-1.4480000000000002,0.787,0.6739999999999993
-3.82,0.774,-0.29333333333333345
-3.2460000000000004,0.7709999999999999,-1.6841333333333337
3.852,0.723,1.3195333333333332
9.301,0.622,1.0970666666666649
13.795,0.586,-0.01643333333332997
18.335,0.5379999999999999,-0.41123333333333534
21.122,0.516,-0.35519999999999285
20.037,0.589,-0.46643333333333103
14.91,0.662,-1.4455666666666644
8.95,0.565,-1.0731333333333328
1.5619999999999998,0.818,-1.249233333333334
0.7789999999999999,0.992,2.9009999999999994
-4.113,0.8190000000000001,-0.586333333333334
-1.66,1.01,-0.09813333333333318
1.269,0.951,-1.2634666666666667
8.042,0.78,-0.16193333333333548
13.593,0.747,-0.21843333333332993
18.823,0.555,0.07676666666666421
21.513,0.523,0.035800000000008936
19.4,0.5489999999999999,-1.1034333333333315
15.342,0.568,-1.013566666666664
8.636000000000001,0.595,-1.387133333333331
3.319,0.703,0.507766666666666
-1.454,1.013,0.6679999999999995
-2.881,1.106,0.6456666666666666
-2.78,1.009,-1.218133333333333
0.29,0.8340000000000001,-2.2424666666666666
8.32,0.6809999999999999,0.11606666666666499
13.192,0.649,-0.6194333333333297
18.06,0.588,-0.6862333333333375
20.225,0.606,-1.2521999999999913
19.923,0.631,-0.5804333333333318
16.369,0.627,0.013433333333335185
8.834,0.741,-1.1891333333333325
1.817,0.958,-0.994233333333334
-1.5679999999999998,1.069,0.5539999999999996
-5.101,1.152,-1.5743333333333336
-1.033,1.179,0.5288666666666668
1.474,1.196,-1.0584666666666667
7.081,0.953,-1.122933333333335
12.593,0.856,-1.21843333333333
18.433,0.718,-0.31323333333333636
20.737,0.672,-0.7401999999999944
20.024,0.685,-0.47943333333332916
16.179000000000002,0.534,-0.17656666666666254
9.484,0.42,-0.5391333333333321
1.4269999999999998,0.69,-1.384233333333334
-3.162,0.794,-1.0400000000000005
-5.757000000000001,0.665,-2.230333333333334
-2.849,0.465,-1.2871333333333335
1.412,0.327,-1.1204666666666667
7.742000000000001,0.461,-0.4619333333333344
13.375,0.401,-0.4364333333333299
18.767,0.48,0.02076666666666327
21.334,0.444,-0.1431999999999931
19.772,0.465,-0.7314333333333316
15.69,0.451,-0.6655666666666651
8.731,0.396,-1.2921333333333322
1.445,0.279,-1.3662333333333339
-1.61,0.614,0.5119999999999993
-4.3530000000000015,0.522,-0.8263333333333351
-4.817,0.731,-3.255133333333333
3.062,0.971,0.5295333333333332
8.001000000000001,0.614,-0.20293333333333408
13.822,0.403,0.010566666666669278
18.301,0.302,-0.4452333333333378
21.031,0.288,-0.44619999999999393
20.264,0.496,-0.23943333333333072
15.808,0.397,-0.5475666666666648
9.29,0.311,-0.733133333333333
2.64,0.493,-0.1712333333333338
-1.4480000000000002,0.58,0.6739999999999993
-5.412999999999999,0.64,-1.886333333333333
-5.196000000000001,0.521,-3.6341333333333337
1.745,0.352,-0.7874666666666665
8.433,0.52,0.22906666666666453
13.669,0.362,-0.14243333333332941
18.158,0.369,-0.5882333333333349
20.119,0.251,-1.358199999999993
19.95,0.317,-0.5534333333333308
16.125,0.411,-0.2305666666666646
8.107999999999999,0.311,-1.9151333333333334
1.6880000000000002,0.295,-1.1232333333333337
-3.218,0.482,-1.0960000000000005
-3.884,0.578,-0.3573333333333335
-2.2880000000000003,0.346,-0.7261333333333335
0.971,0.409,-1.5614666666666666
8.177,0.48,-0.026933333333335696
14.405,0.275,0.5935666666666695
19.081,0.358,0.3347666666666633
21.129,0.311,-0.3481999999999914
20.261,0.448,-0.24243333333333084
15.377,0.287,-0.9785666666666639
8.75,0.419,-1.2731333333333321
1.287,0.5760000000000001,-1.524233333333334
-1.463,0.358,0.6589999999999994
-4.413,0.518,-0.8863333333333339
-1.787,0.439,-0.22513333333333319
0.6639999999999999,0.525,-1.8684666666666667
7.790000000000001,0.429,-0.4139333333333344
14.078,0.33,0.2665666666666695
18.58,0.507,-0.1662333333333379
20.935,0.285,-0.542199999999994
19.989,0.332,-0.5144333333333293
16.422,0.353,0.06643333333333601
9.505,0.448,-0.5181333333333313
2.6260000000000003,0.626,-0.18523333333333358
-2.7110000000000003,0.695,-0.5890000000000009
-3.4800000000000004,0.718,0.04666666666666597
-1.571,0.309,-0.009133333333333216
3.1060000000000003,0.682,0.5735333333333337
8.038,0.378,-0.16593333333333504
13.262,0.399,-0.5494333333333294
18.922,0.441,0.1757666666666644
21.192,0.56,-0.28519999999999257
20.678,0.56,0.17456666666667076
16.250999999999998,0.268,-0.10456666666666692
8.219000000000001,0.284,-1.804133333333331
0.7730000000000001,0.378,-2.038233333333334
-4.255,0.7390000000000001,-2.1330000000000005
-4.17,0.556,-0.6433333333333335
-6.011,0.4320000000000001,-4.449133333333333
0.7459999999999998,0.455,-1.7864666666666669
7.7360000000000015,0.502,-0.46793333333333376
13.464,0.361,-0.3474333333333295
18.397,0.326,-0.3492333333333377
21.057,0.327,-0.42019999999999413
20.204,0.39,-0.29943333333332944
15.951,0.336,-0.4045666666666641
9.434,0.342,-0.5891333333333328
4.258,0.291,1.446766666666666
-3.064,0.46,-0.9420000000000006
-2.5730000000000004,0.443,0.953666666666666
-2.912,0.5329999999999999,-1.3501333333333332
2.636,0.358,0.10353333333333348
8.091000000000001,0.263,-0.11293333333333422
14.317,0.239,0.5055666666666703
19.28,0.379,0.533766666666665
21.134,0.478,-0.3431999999999924
20.62,0.353,0.11656666666667093
16.242,0.359,-0.11356666666666371
10.536,0.431,0.5128666666666675
2.414,0.398,-0.39723333333333377
-1.5259999999999998,0.573,0.5959999999999996
-3.4320000000000004,0.358,0.09466666666666601
-3.827,0.375,-2.265133333333333
2.085,0.412,-0.4474666666666667
6.877000000000002,0.519,-1.3269333333333337
13.623,0.3720000000000001,-0.18843333333333057
18.365,0.456,-0.38123333333333775
22.418000000000003,0.401,0.9408000000000101
20.647,0.383,0.1435666666666684
15.375,0.335,-0.9805666666666646
10.224,0.318,0.20086666666666808
2.507,0.438,-0.3042333333333338
-2.923,0.471,-0.8010000000000006
-3.927000000000001,0.6759999999999999,-0.40033333333333454
-2.343,0.478,-0.7811333333333332
1.898,0.262,-0.6344666666666667
7.758999999999999,0.269,-0.44493333333333673
14.56,0.435,0.7485666666666706
18.638,0.491,-0.10823333333333451
20.688,0.361,-0.7891999999999939
19.962,0.33,-0.5414333333333303
15.182,0.214,-1.1735666666666642
9.996,0.352,-0.027133333333331677
3.142,0.286,0.330766666666666
-4.106999999999998,0.772,-1.984999999999999
-4.2730000000000015,0.63,-0.7463333333333351
-4.017,0.5870000000000001,-2.4551333333333334
3.036,0.418,0.5035333333333334
7.183000000000002,0.379,-1.0209333333333337
13.166,0.257,-0.6454333333333295
17.403,0.435,-1.3432333333333375
20.549,0.446,-0.9281999999999933
19.818,0.341,-0.6854333333333287
15.046,0.351,-1.3095666666666652
9.023,0.393,-1.0001333333333324
1.69,0.363,-1.121233333333334
-2.897,0.428,-0.7750000000000004
-5.517,0.804,-1.990333333333334
-3.159,0.6970000000000001,-1.597133333333333
2.627,0.402,0.09453333333333314
7.364000000000001,0.279,-0.8399333333333345
13.767,0.325,-0.04443333333333044
17.948999999999995,0.443,-0.7972333333333417
20.264,0.438,-1.2131999999999934
19.482,0.3670000000000001,-1.0214333333333308
15.938,0.304,-0.417566666666664
9.629,0.32,-0.39413333333333256
2.753,0.5,-0.0582333333333338
-2.689,0.385,-0.5670000000000006
-4.7860000000000005,0.637,-1.259333333333334
-4.43,0.448,-2.8681333333333328
4.707,0.3,2.174533333333333
8.112,0.458,-0.0919333333333352
13.254,0.26,-0.5574333333333303
18.337,0.283,-0.40923333333333645
20.432,0.23,-1.0451999999999941
20.473,0.267,-0.030433333333331092
16.206,0.233,-0.14956666666666507
8.391,0.411,-1.632133333333332
3.51,0.353,0.6987666666666659
-3.378,0.524,-1.2560000000000007
-3.88,0.5479999999999999,-0.3533333333333335
-1.597,0.408,-0.03513333333333324
0.7359999999999998,0.238,-1.7964666666666669
8.731,0.28,0.5270666666666646
13.517,0.3,-0.29443333333333044
18.219,0.478,-0.527233333333335
20.545,0.28,-0.932199999999991
20.239,0.269,-0.2644333333333293
16.804000000000002,0.219,0.44843333333333746
9.172,0.2,-0.8511333333333315
2.007,0.246,-0.8042333333333338
-1.7719999999999998,0.6779999999999999,0.34999999999999964
-3.011,0.431,0.5156666666666663
-2.082,0.346,-0.5201333333333331
4.136,0.317,1.6035333333333335
6.417000000000002,0.264,-1.7869333333333337
11.935,0.324,-1.8764333333333294
17.256999999999998,0.231,-1.4892333333333383
20.662,0.295,-0.8151999999999937
19.741,0.322,-0.7624333333333304
15.73,0.257,-0.6255666666666642
9.167,0.345,-0.8561333333333323
2.046,0.327,-0.7652333333333341
-1.2699999999999998,0.407,0.8519999999999996
-2.655,0.495,0.8716666666666666
-1.5519999999999998,0.433,0.009866666666666912
3.4530000000000003,0.373,0.9205333333333336
8.501000000000001,0.218,0.2970666666666659
13.127,0.242,-0.6844333333333292
17.895,0.256,-0.8512333333333366
21.004,0.279,-0.4731999999999914
19.591,0.295,-0.912433333333329
15.949000000000002,0.358,-0.40656666666666297
8.173,0.337,-1.850133333333332
3.0780000000000003,0.275,0.2667666666666664
-1.497,0.5760000000000001,0.6249999999999993
-3.627,0.3720000000000001,-0.10033333333333339
-1.809,0.34,-0.2471333333333332
1.745,0.263,-0.7874666666666665
6.8050000000000015,0.328,-1.3989333333333338
12.705,0.29,-1.1064333333333298
18.643,0.181,-0.10323333333333551
20.885,0.23,-0.5921999999999912
20.72,0.201,0.2165666666666688
15.612,0.188,-0.7435666666666645
8.851,0.3229999999999999,-1.1721333333333313
3.799,0.256,0.987766666666666
-5.667000000000001,0.404,-3.5450000000000013
-4.260000000000002,0.462,-0.7333333333333352
-4.243,0.466,-2.6811333333333334
5.972,0.31,3.4395333333333338
8.618,0.307,0.41406666666666503
13.182,0.166,-0.6294333333333295
18.243,0.162,-0.5032333333333376
21.38,0.155,-0.09719999999999374
19.847,0.219,-0.6564333333333288
16.63,0.207,0.2744333333333344
10.201,0.265,0.1778666666666684
2.56,0.258,-0.25123333333333386
-3.035,0.377,-0.9130000000000007
-3.006,0.389,0.5206666666666666
-1.433,0.489,0.12886666666666668
3.259,0.346,0.7265333333333333
7.184000000000001,0.217,-1.0199333333333342
14.122,0.213,0.31056666666667
19.57,0.247,0.8237666666666641
20.892,0.256,-0.5851999999999933
19.886,0.154,-0.6174333333333308
16.869,0.284,0.5134333333333352
9.583,0.187,-0.44013333333333193
0.6240000000000001,0.351,-2.187233333333334
-2.695,0.556,-0.5730000000000004
-5.591,0.624,-2.064333333333334
-2.417,0.536,-0.8551333333333331
0.6949999999999998,0.478,-1.8374666666666668
8.249,0.32,0.045066666666665256
14.127,0.399,0.31556666666667077
17.551,0.23,-1.1952333333333378
20.578000000000003,0.202,-0.8991999999999898
19.307,0.213,-1.1964333333333315
15.134,0.233,-1.2215666666666642
9.256,0.248,-0.7671333333333319
3.192,0.297,0.38076666666666625
-2.39,0.223,-0.2680000000000007
-4.323,0.478,-0.796333333333334
-2.982,0.397,-1.4201333333333335
1.5699999999999998,0.194,-0.9624666666666668
8.020000000000001,0.275,-0.18393333333333395
13.767,0.197,-0.04443333333333044
18.731,0.202,-0.015233333333334542
21.019,0.214,-0.4581999999999944
20.744,0.344,0.2405666666666697
15.332,0.32,-1.0235666666666638
8.337,0.311,-1.6861333333333324
4.355,0.422,1.5437666666666665
-1.944,0.355,0.1779999999999995
-1.6730000000000005,0.5870000000000001,1.853666666666666
-3.253,0.382,-1.6911333333333334
2.188,0.278,-0.3444666666666665
8.026,0.384,-0.1779333333333355
14.28,0.377,0.46856666666666946
19.133,0.295,0.38676666666666293
21.429,0.25,-0.04819999999999425
20.253,0.239,-0.25043333333332995
15.729,0.282,-0.6265666666666654
10.597,0.295,0.5738666666666674
3.5860000000000003,0.316,0.7747666666666664
-3.777,0.495,-1.6550000000000007
-3.958,0.467,-0.4313333333333338
-0.853,0.424,0.7088666666666668
1.043,0.48,-1.4894666666666667
10.088,0.343,1.884066666666664
13.148,0.485,-0.6634333333333302
17.743,0.207,-1.0032333333333376
20.383,0.199,-1.0941999999999936
19.511,0.256,-0.9924333333333308
16.037,0.23,-0.31856666666666555
9.812,0.186,-0.21113333333333273
3.315,0.428,0.503766666666666
-2.49,0.364,-0.36800000000000077
-4.3180000000000005,0.354,-0.7913333333333341
-2.109,0.457,-0.5471333333333332
2.256,0.453,-0.27646666666666686
7.941000000000002,0.272,-0.2629333333333337
13.277,0.178,-0.5344333333333307
17.62,0.153,-1.1262333333333352
21.586,0.162,0.10880000000000578
20.17,0.244,-0.33343333333332836
15.54,0.227,-0.8155666666666654
9.053,0.177,-0.9701333333333313
1.962,0.15,-0.849233333333334
-4.817,0.424,-2.6950000000000007
-5.336,0.512,-1.809333333333334
-2.875,0.425,-1.3131333333333333
1.592,0.309,-0.9404666666666666
6.957000000000002,0.283,-1.2469333333333337
11.348,0.245,-2.463433333333329
17.805999999999997,0.233,-0.9402333333333388
21.49,0.417,0.012800000000005696
19.923,0.317,-0.5804333333333318
15.767,0.317,-0.5885666666666651
7.847,0.217,-2.1761333333333317
2.629,0.458,-0.1822333333333339
-5.113999999999999,0.359,-2.9919999999999995
-6.737,0.359,-3.2103333333333337
-1.85,0.416,-0.28813333333333335
3.915,0.378,1.3825333333333334
6.667000000000002,0.171,-1.5369333333333337
13.792,0.195,-0.019433333333330083
19.596,0.1669999999999999,0.8497666666666639
20.916,0.217,-0.5611999999999924
20.485,0.255,-0.018433333333330637
14.913,0.212,-1.4425666666666643
10.488,0.156,0.4648666666666674
1.5690000000000002,0.282,-1.2422333333333337
-1.739,0.235,0.38299999999999934
-3.257000000000001,0.402,0.2696666666666654
-2.279,0.334,-0.7171333333333332
2.229,0.388,-0.30346666666666655
8.193999999999999,0.489,-0.009933333333336236
13.702,0.303,-0.10943333333332994
18.615,0.194,-0.13123333333333775
21.681,0.206,0.2038000000000082
20.471,0.303,-0.03243333333332998
16.578,0.1669999999999999,0.22243333333333482
8.987,0.211,-1.036133333333332
1.538,0.1369999999999999,-1.2732333333333339
-4.003,0.354,-1.8810000000000007
-4.6240000000000006,0.332,-1.0973333333333342
-1.0379999999999998,0.401,0.5238666666666669
1.628,0.245,-0.9044666666666668
5.381,0.528,-2.822933333333335
12.99,0.232,-0.8214333333333297
18.076,0.292,-0.6702333333333357
20.752,0.259,-0.7251999999999938
19.588,0.206,-0.9154333333333291
16.247,0.26,-0.1085666666666647
9.667,0.276,-0.3561333333333323
1.832,0.374,-0.9792333333333338
-2.285,0.507,-0.1630000000000007
-2.321,0.459,1.2056666666666662
-0.6819999999999999,0.285,0.8798666666666668
5.196999999999999,0.219,2.6645333333333325
7.935,0.313,-0.2689333333333357
13.612,0.168,-0.1994333333333298
19.506,0.346,0.759766666666664
21.784,0.37,0.3068000000000062
20.483,0.205,-0.02043333333332953
16.745,0.225,0.3894333333333364
10.188,0.232,0.1648666666666685
3.4330000000000003,0.227,0.6217666666666664
-0.7319999999999998,0.303,1.3899999999999997
-4.678,0.418,-1.1513333333333335
-2.384,0.209,-0.8221333333333332
1.7380000000000002,0.198,-0.7944666666666664
7.834,0.206,-0.36993333333333567
13.851,0.268,0.03956666666667097
19.154,0.176,0.4077666666666637
20.617,0.243,-0.8601999999999919
20.55,0.28,0.04656666666667064
17.048,0.281,0.6924333333333337
10.385,0.219,0.36186666666666767
2.783,0.3670000000000001,-0.028233333333334
-1.6799999999999995,0.14,0.44199999999999995
-1.9250000000000005,0.268,1.601666666666666
-3.042,0.271,-1.480133333333333
1.106,0.182,-1.4264666666666665
7.5790000000000015,0.156,-0.6249333333333338
13.487,0.181,-0.3244333333333298
18.438,0.159,-0.30823333333333736
21.53,0.203,0.052800000000008396
20.356,0.207,-0.14743333333332842
16.284000000000002,0.202,-0.07156666666666212
9.006,0.155,-1.017133333333332
3.682,0.344,0.870766666666666
-1.3769999999999998,0.378,0.7449999999999997
-5.417999999999999,0.254,-1.8913333333333329
-1.349,0.265,0.21286666666666676
1.36,0.249,-1.1724666666666665
6.617000000000001,0.267,-1.5869333333333344
12.578,0.292,-1.2334333333333305
18.679,0.206,-0.0672333333333377
20.3,0.231,-1.177199999999992
20.249,0.198,-0.2544333333333313
15.04,0.127,-1.3155666666666654
9.626,0.185,-0.39713333333333267
3.603,0.209,0.7917666666666663
-4.657,0.32,-2.5350000000000006
-5.223000000000001,0.596,-1.6963333333333344
-0.3799999999999999,0.405,1.1818666666666668
3.972,0.343,1.4395333333333333
9.856,0.196,1.6520666666666646
13.792,0.266,-0.019433333333330083
19.242,0.229,0.4957666666666647
21.496,0.157,0.018800000000005923
20.211,0.174,-0.29243333333333155
17.195,0.15,0.8394333333333357
7.894,0.219,-2.129133333333332
2.55,0.315,-0.2612333333333341
-2.408,0.298,-0.2860000000000005
-2.4370000000000003,0.234,1.0896666666666661
-0.0449999999999999,0.224,1.5168666666666668
2.668,0.227,0.1355333333333335
8.131,0.324,-0.07293333333333507
14.182,0.31,0.3705666666666705
18.768,0.262,0.02176666666666449
21.291,0.246,-0.18619999999999237
20.658,0.244,0.15456666666667118
16.166,0.192,-0.18956666666666422
10.512,0.244,0.48886666666666834
2.975,0.267,0.16376666666666617
-3.1860000000000004,0.219,-1.064000000000001
-2.6430000000000007,0.129,0.8836666666666657
0.3690000000000002,0.225,1.930866666666667
2.406,0.265,-0.1264666666666665
7.629,0.1689999999999999,-0.5749333333333357
13.494000000000002,0.248,-0.31743333333332835
18.142,0.183,-0.6042333333333367
21.027,0.159,-0.4501999999999917
19.134,0.174,-1.3694333333333297
15.933,0.142,-0.42256666666666476
10.219,0.154,0.1958666666666673
3.282,0.334,0.4707666666666661
-4.359999999999999,0.259,-2.238
-2.1590000000000003,0.185,1.3676666666666661
-0.6200000000000001,0.301,0.9418666666666666
2.807,0.216,0.2745333333333333
6.718999999999999,0.155,-1.4849333333333359
14.303,0.304,0.4915666666666709
17.503,0.261,-1.243233333333336
21.151,0.229,-0.32619999999999294
20.125,0.22,-0.37843333333333007
15.231,0.165,-1.1245666666666647
10.06,0.161,0.03686666666666838
3.148,0.264,0.3367666666666662
-1.7559999999999998,0.366,0.36599999999999966
-4.485,0.246,-0.9583333333333339
-4.131,0.187,-2.5691333333333333
3.016,0.235,0.48353333333333337
8.047,0.171,-0.1569333333333347
13.156,0.302,-0.6554333333333293
18.241,0.1689999999999999,-0.5052333333333365
21.211,0.15,-0.2661999999999942
20.547,0.161,0.04356666666667053
15.896,0.201,-0.4595666666666638
9.663,0.15,-0.36013333333333186
1.829,0.268,-0.982233333333334
-1.7159999999999995,0.197,0.4059999999999999
-5.784000000000002,0.225,-2.257333333333335
0.2430000000000001,0.263,1.8048666666666668
1.6769999999999998,0.241,-0.8554666666666668
9.419,0.264,1.2150666666666652
13.287,0.215,-0.5244333333333291
18.587,0.145,-0.15923333333333645
21.939,0.126,0.4618000000000073
20.758000000000003,0.079,0.2545666666666726
16.474,0.117,0.11843333333333561
8.555,0.113,-1.4681333333333324
2.091,0.182,-0.7202333333333337
-2.394,0.219,-0.2720000000000007
-1.8430000000000004,0.272,1.683666666666666
0.5760000000000001,0.255,2.1378666666666666
1.644,0.255,-0.8884666666666667
8.052000000000001,0.251,-0.15193333333333392
13.198,0.166,-0.6134333333333295
19.565,0.173,0.8187666666666651
22.143,0.205,0.6658000000000079
20.291,0.15,-0.2124333333333297
17.573,0.132,1.2174333333333358
10.659,0.151,0.6358666666666686
3.932,0.1639999999999999,1.120766666666666
-1.0609999999999995,0.193,1.061
-3.657000000000001,0.388,-0.13033333333333452
-1.164,0.247,0.3978666666666668
1.123,0.221,-1.4094666666666666
8.617,0.269,0.4130666666666656
13.868,0.219,0.05656666666667043
18.85,0.178,0.10376666666666523
21.495,0.226,0.017800000000008254
20.439,0.196,-0.06443333333333001
15.925999999999998,0.157,-0.4295666666666662
9.023,0.213,-1.0001333333333324
1.578,0.245,-1.2332333333333338
-3.624,0.185,-1.5020000000000007
-2.599,0.29,0.9276666666666662
-3.768,0.305,-2.206133333333333
2.673,0.22,0.1405333333333334
7.73,0.2,-0.47393333333333487
13.544,0.094,-0.2674333333333294
19.805,0.1669999999999999,1.0587666666666635
21.917,0.162,0.43980000000000885
20.234,0.129,-0.2694333333333283
17.288,0.155,0.9324333333333357
9.848,0.201,-0.17513333333333136
3.1710000000000003,0.272,0.35976666666666635
-1.476,0.286,0.6459999999999995
-2.5420000000000003,0.347,0.9846666666666661
-0.685,0.387,0.8768666666666667
3.215,0.207,0.6825333333333332
9.553,0.173,1.3490666666666655
15.727,0.134,1.9155666666666704
19.58,0.114,0.8337666666666621
22.412,0.1369999999999999,0.9348000000000063
21.013,0.126,0.5095666666666716
15.816,0.1639999999999999,-0.5395666666666639
11.13,0.153,1.1068666666666687
4.402,0.139,1.5907666666666662
-1.702,0.206,0.4199999999999995
-3.0680000000000005,0.335,0.4586666666666659
-0.0590000000000001,0.335,1.5028666666666666
3.761,0.238,1.2285333333333335
7.529000000000001,0.218,-0.6749333333333345
12.136,0.149,-1.6754333333333307
18.199,0.127,-0.5472333333333346
22.09,0.191,0.6128000000000071
20.643,0.1369999999999999,0.1395666666666706
16.090999999999998,0.114,-0.26456666666666706
9.543,0.147,-0.48013333333333286
1.64,0.17,-1.171233333333334
-3.595,0.204,-1.4730000000000008
-4.66,0.398,-1.1333333333333337
-6.002000000000001,0.222,-4.440133333333334
3.283,0.212,0.7505333333333333
7.827000000000001,0.172,-0.37693333333333445
15.312,0.23,1.5005666666666695
19.983,0.14,1.2367666666666643
22.834,0.066,1.356800000000007
21.746,0.159,1.2425666666666686
16.777,0.191,0.42143333333333644
9.631,0.133,-0.3921333333333319
2.2,0.202,-0.6112333333333337
-1.864,0.158,0.25799999999999934
-4.735,0.185,-1.208333333333334
-2.9960000000000004,0.297,-1.4341333333333337
1.189,0.274,-1.3434666666666666
7.357,0.173,-0.8469333333333351
14.331,0.19,0.5195666666666696
18.913,0.128,0.16676666666666407
21.769,0.1369999999999999,0.2918000000000056
21.466,0.1689999999999999,0.962566666666671
16.788999999999998,0.136,0.43343333333333334
10.057,0.102,0.033866666666668266
2.892,0.163,0.08076666666666599
-2.263,0.259,-0.14100000000000046
-3.1700000000000004,0.158,0.356666666666666
-1.004,0.199,0.5578666666666667
4.371,0.172,1.8385333333333338
8.798,0.309,0.5940666666666647
13.666,0.15,-0.14543333333332953
18.718,0.089,-0.02823333333333622
21.359,0.108,-0.11819999999999098
21.178,0.136,0.6745666666666708
17.154,0.109,0.7984333333333353
11.421,0.155,1.3978666666666673
2.428,0.138,-0.383233333333334
-1.257,0.162,0.8649999999999995
-2.2300000000000004,0.272,1.296666666666666
-3.239,0.278,-1.6771333333333331
2.718,0.195,0.18553333333333333
8.533000000000001,0.142,0.32906666666666595
14.744000000000002,0.14,0.9325666666666717
18.855,0.228,0.10876666666666424
21.899,0.185,0.42180000000000817
20.505,0.094,0.0015666666666689366
17.243,0.115,0.887433333333334
9.731,0.175,-0.29213333333333225
2.467,0.185,-0.34423333333333384
0.464,0.231,2.5859999999999994
-5.9190000000000005,0.282,-2.392333333333334
-1.286,0.147,0.2758666666666667
2.7960000000000003,0.156,0.2635333333333336
8.620000000000001,0.157,0.4160666666666657
14.397,0.118,0.5855666666666703
19.261,0.128,0.514766666666663
21.706,0.178,0.22880000000000678
20.543000000000003,0.159,0.039566666666672745
16.534000000000002,0.175,0.17843333333333788
10.899,0.124,0.875866666666667
1.982,0.16,-0.8292333333333339
-0.3669999999999997,0.159,1.7549999999999997
-2.843,0.238,0.6836666666666664
-0.97,0.172,0.5918666666666668
1.771,0.168,-0.7614666666666667
8.935,0.161,0.7310666666666652
14.813,0.146,1.0015666666666707
18.519,0.145,-0.22723333333333784
21.365,0.151,-0.1121999999999943
20.621,0.183,0.1175666666666686
16.094,0.218,-0.2615666666666634
10.169,0.158,0.14586666666666837
3.213,0.185,0.40176666666666616
-0.494,0.177,1.6279999999999994
-2.6190000000000007,0.1369999999999999,0.9076666666666657
-2.024,0.129,-0.4621333333333333
2.471,0.193,-0.06146666666666656
9.382,0.183,1.1780666666666644
13.505999999999998,0.171,-0.30543333333333145
18.511,0.1639999999999999,-0.23523333333333696
21.558000000000003,0.213,0.08080000000001064
20.35,0.197,-0.15343333333332865
15.956,0.108,-0.39956666666666507
10.116,0.108,0.09286666666666754
3.016,0.154,0.2047666666666661
-3.1910000000000003,0.207,-1.0690000000000008
-4.731,0.1689999999999999,-1.2043333333333335
-0.014,0.206,1.5478666666666667
1.3630000000000002,0.181,-1.1694666666666664
9.023,0.145,0.8190666666666644
13.800999999999998,0.1639999999999999,-0.010433333333331518
19.049,0.081,0.3027666666666633
21.65,0.179,0.17280000000000584
20.979,0.147,0.47556666666666914
15.873,0.19,-0.48256666666666526
9.847,0.18,-0.1761333333333326
3.128,0.127,0.3167666666666662
-1.926,0.142,0.1959999999999995
-2.591,0.176,0.9356666666666662
-0.498,0.238,1.0638666666666667
1.1789999999999998,0.161,-1.3534666666666668
6.996,0.162,-1.2079333333333349
14.652,0.162,0.8405666666666693
18.735,0.145,-0.011233333333336759
21.05,0.176,-0.42719999999999203
20.369,0.19,-0.1344333333333303
16.326999999999998,0.147,-0.028566666666666407
10.576,0.161,0.5528666666666684
2.756,0.148,-0.055233333333334134
-2.773,0.124,-0.6510000000000007
-2.5360000000000005,0.152,0.9906666666666659
-0.5609999999999999,0.121,1.0008666666666668
4.299,0.102,1.7665333333333337
7.524000000000001,0.139,-0.6799333333333344
12.544,0.178,-1.2674333333333294
17.245,0.143,-1.5012333333333352
20.995,0.201,-0.48219999999999175
20.288,0.166,-0.2154333333333298
16.201999999999998,0.121,-0.1535666666666664
9.761,0.119,-0.2621333333333329
2.164,0.163,-0.6472333333333338
-3.87,0.157,-1.7480000000000007
-2.595,0.159,0.9316666666666662
-1.155,0.16,0.4068666666666667
4.467,0.229,1.934533333333333
9.509,0.115,1.305066666666665
13.162,0.103,-0.6494333333333291
18.725,0.199,-0.02123333333333477
21.57,0.176,0.09280000000000754
19.84,0.212,-0.6634333333333302
15.951,0.111,-0.4045666666666641
9.675,0.099,-0.3481333333333314
2.596,0.112,-0.21523333333333383
-1.59,0.114,0.5319999999999994
-3.823,0.121,-0.29633333333333356
-2.494,0.197,-0.9321333333333335
1.4859999999999998,0.173,-1.0464666666666669
8.109,0.09,-0.09493333333333531
13.871,0.1669999999999999,0.05956666666667054
17.784000000000002,0.186,-0.9622333333333337
21.107,0.146,-0.3701999999999934
21.168000000000003,0.126,0.6645666666666727
16.835,0.115,0.47943333333333626
11.853,0.135,1.8298666666666676
1.711,0.181,-1.1002333333333338
-1.5739999999999998,0.131,0.5479999999999996
-4.4140000000000015,0.087,-0.8873333333333351
-2.777,0.153,-1.2151333333333334
1.1409999999999998,0.145,-1.3914666666666669
9.114,0.193,0.9100666666666655
13.695,0.144,-0.11643333333332961
18.81,0.106,0.06376666666666253
21.058000000000003,0.157,-0.41919999999998936
20.155,0.124,-0.34843333333332893
16.483999999999998,0.127,0.12843333333333362
9.214,0.139,-0.8091333333333317
2.258,0.108,-0.5532333333333339
-2.958,0.199,-0.8360000000000007
-5.259,0.181,-1.732333333333334
-2.958,0.179,-1.3961333333333334
3.084,0.201,0.5515333333333334
8.044,0.124,-0.15993333333333482
14.183,0.078,0.37156666666666993
18.612,0.131,-0.13423333333333787
21.593000000000004,0.111,0.11580000000001078
20.481,0.182,-0.02243333333332842
15.998,0.117,-0.35756666666666526
9.96,0.09,-0.06313333333333127
5.215,0.117,2.403766666666666
-2.296,0.174,-0.17400000000000038
-2.893,0.171,0.6336666666666666
-1.757,0.156,-0.19513333333333316
1.993,0.234,-0.5394666666666665
7.1000000000000005,0.174,-1.1039333333333348
13.451,0.162,-0.3604333333333294
18.408,0.144,-0.33823333333333494
20.4,0.146,-1.0771999999999942
19.723,0.1689999999999999,-0.7804333333333311
15.744000000000002,0.094,-0.611566666666663
11.473,0.095,1.4498666666666686
2.212,0.122,-0.5992333333333337
-1.977,0.128,0.14499999999999935
-4.354,0.211,-0.8273333333333337
-1.513,0.192,0.048866666666666836
0.5680000000000001,0.12,-1.9644666666666666
7.841,0.192,-0.3629333333333351
14.296,0.259,0.4845666666666695
17.843,0.417,-0.9032333333333362
21.501,0.209,0.02380000000000848
20.488000000000003,0.154,-0.01543333333332697
15.979,0.279,-0.3765666666666654
9.58,0.143,-0.44313333333333205
1.759,0.313,-1.052233333333334
-2.989,0.182,-0.8670000000000004
-3.232,0.107,0.2946666666666662
-0.923,0.085,0.6388666666666667
0.8769999999999998,0.095,-1.6554666666666669
8.128,0.094,-0.07593333333333518
13.561,0.118,-0.25043333333332995
19.656,0.104,0.9097666666666626
21.589,0.154,0.1118000000000059
20.744,0.155,0.2405666666666697
16.57,0.106,0.2144333333333357
9.56,0.104,-0.4631333333333316
2.9560000000000004,0.112,0.1447666666666665
-1.733,0.147,0.38899999999999935
-1.3370000000000002,0.158,2.189666666666666
-0.5579999999999999,0.094,1.0038666666666667
3.417,0.085,0.8845333333333332
7.45,0.147,-0.7539333333333351
13.599,0.176,-0.2124333333333297
19.755,0.152,1.0087666666666628
21.797,0.134,0.31980000000000786
20.485,0.103,-0.018433333333330637
16.901,0.0819999999999999,0.5454333333333352
10.635,0.106,0.6118666666666677
3.907,0.089,1.0957666666666661
-1.686,0.143,0.4359999999999995
-3.65,0.183,-0.12333333333333352
1.0099999999999998,0.124,2.5718666666666667
1.906,0.227,-0.6264666666666667
9.447,0.175,1.2430666666666639
13.255999999999998,0.134,-0.5554333333333314
18.885,0.205,0.13876666666666537
22.183000000000003,0.159,0.7058000000000106
20.645,0.115,0.1415666666666695
17.032,0.196,0.6764333333333354
10.369000000000002,0.147,0.34586666666666943
4.47,0.129,1.6587666666666658
-2.6260000000000003,0.153,-0.5040000000000009
-3.365,0.139,0.16166666666666618
-3.522,0.11,-1.960133333333333
1.936,0.097,-0.5964666666666667
8.49,0.093,0.2860666666666649
14.205,0.196,0.3935666666666702
17.528,0.157,-1.2182333333333375
21.839,0.138,0.3618000000000059
21.113000000000003,0.187,0.609566666666673
16.674,0.162,0.3184333333333349
9.933,0.128,-0.09013333333333229
0.4500000000000002,0.221,-2.3612333333333337
-3.075,0.175,-0.9530000000000007
-3.87,0.127,-0.3433333333333337
-2.963,0.185,-1.4011333333333333
2.105,0.092,-0.42746666666666666
7.338999999999999,0.219,-0.8649333333333367
14.63,0.256,0.8185666666666709
19.444000000000003,0.095,0.6977666666666664
21.202,0.15,-0.275199999999991
20.219,0.215,-0.2844333333333289
16.276,0.151,-0.07956666666666479
10.165,0.18,0.14186666666666703
1.466,0.26,-1.345233333333334
-1.614,0.308,0.5079999999999993
-4.243,0.208,-0.7163333333333339
0.2380000000000002,0.198,1.799866666666667
2.9130000000000003,0.245,0.3805333333333336
8.402999999999999,0.376,0.1990666666666634
13.753,0.1669999999999999,-0.058433333333329784
19.162,0.463,0.41576666666666284
21.762,0.428,0.2848000000000077
20.603,0.7040000000000001,0.09956666666667147
16.008,0.504,-0.34756666666666547
9.039,0.397,-0.9841333333333324
2.819,0.277,0.007766666666666033
-0.9409999999999998,0.188,1.1809999999999996
-2.776,0.252,0.7506666666666666
-2.256,0.25,-0.694133333333333
1.4489999999999998,0.16,-1.0834666666666668
8.144,0.236,-0.05993333333333517
14.859000000000002,0.301,1.0475666666666719
18.729,0.335,-0.017233333333336986
21.098000000000003,0.348,-0.3791999999999902
21.135,0.302,0.6315666666666715
16.522000000000002,0.187,0.16643333333333743
9.655,0.156,-0.36813333333333276
3.4360000000000004,0.111,0.6247666666666665
-2.353,0.153,-0.23100000000000076
-4.2730000000000015,0.233,-0.7463333333333351
-1.378,0.185,0.18386666666666684
1.606,0.344,-0.9264666666666665
8.127,0.313,-0.07693333333333463
14.24,0.055,0.4285666666666703
19.573,0.148,0.8267666666666642
21.11,0.294,-0.3671999999999933
21.001,0.151,0.49756666666667115
16.171,0.276,-0.1845666666666652
9.344,0.173,-0.6791333333333327
1.602,0.146,-1.2092333333333338
-1.219,0.191,0.9029999999999994
-3.791,0.161,-0.26433333333333353
-2.488,0.223,-0.9261333333333333
-0.0380000000000002,0.103,-2.570466666666667
8.383000000000001,0.1689999999999999,0.1790666666666656
13.757,0.287,-0.054433333333330225
18.864,0.265,0.11776666666666458
21.568,0.139,0.09080000000000865
20.487,0.308,-0.016433333333331746
16.785999999999998,0.095,0.4304333333333332
10.089,0.155,0.0658666666666683
3.0610000000000004,0.181,0.24976666666666647
-2.371,0.077,-0.24900000000000055
-3.139,0.247,0.3876666666666666
-0.421,0.176,1.1408666666666667
2.9,0.156,0.36753333333333327
6.758000000000001,0.273,-1.4459333333333344
13.495,0.236,-0.3164333333333307
19.164,0.292,0.4177666666666653
21.153,0.203,-0.32419999999999405
20.716,0.108,0.212566666666671
15.695,0.064,-0.6605666666666643
9.336,0.25,-0.6871333333333318
2.056,0.099,-0.7552333333333339
-4.009,0.143,-1.887000000000001
-4.849,0.165,-1.3223333333333338
-0.3109999999999999,0.155,1.2508666666666668
0.975,0.174,-1.5574666666666666
8.484,0.264,0.2800666666666647
14.61,0.18,0.7985666666666695
18.445,0.5,-0.3012333333333359
20.931,0.222,-0.5461999999999918
20.693,0.215,0.18956666666667132
15.776,0.283,-0.5795666666666648
10.906,0.329,0.8828666666666685
3.652,0.135,0.8407666666666662
-1.834,0.237,0.28799999999999937
-5.482,0.152,-1.9553333333333338
-1.122,0.143,0.43986666666666663
3.5860000000000003,0.173,1.0535333333333337
8.493,0.186,0.28906666666666503
14.458,0.293,0.6465666666666703
18.599,0.237,-0.147233333333336
21.405,0.279,-0.0721999999999916
20.43,0.114,-0.07343333333333035
17.133,0.258,0.7774333333333345
12.124,0.096,2.1008666666666684
3.085,0.211,0.27376666666666605
-3.749,0.089,-1.6270000000000007
-3.196,0.178,0.3306666666666662
-2.786,0.124,-1.2241333333333333
0.6829999999999999,0.073,-1.8494666666666668
7.849,0.173,-0.3549333333333351
13.925999999999998,0.264,0.11456666666666848
18.574,0.294,-0.17223333333333457
21.909,0.196,0.4318000000000062
19.864,0.253,-0.6394333333333293
15.84,0.126,-0.5155666666666647
9.826,0.19,-0.1971333333333316
3.129,0.112,0.3177666666666661
-3.718,0.086,-1.5960000000000005
-3.1940000000000004,0.12,0.332666666666666
-3.053,0.152,-1.4911333333333332
0.8859999999999999,0.254,-1.6464666666666667
8.701,0.157,0.4970666666666652
13.778,0.344,-0.03343333333332943
17.768,0.4370000000000001,-0.9782333333333355
20.889,0.235,-0.5881999999999934
19.91,0.088,-0.5934333333333299
15.114,0.213,-1.2415666666666638
9.579,0.246,-0.4441333333333315
4.542,0.243,1.730766666666666
-1.148,0.232,0.9739999999999995
-5.76,0.232,-2.2333333333333334
-2.835,0.138,-1.2731333333333332
2.514,0.203,-0.018466666666666853
7.417000000000002,0.145,-0.7869333333333337
13.581,0.213,-0.23043333333333038
18.61,0.156,-0.13623333333333676
22.124,0.261,0.646800000000006
19.87,0.235,-0.6334333333333291
16.296,0.225,-0.05956666666666521
8.996,0.171,-1.0271333333333317
3.6010000000000004,0.158,0.7897666666666665
-2.6180000000000003,0.146,-0.4960000000000009
-2.269,0.19,1.2576666666666663
-2.063,0.226,-0.5011333333333334
4.049,0.227,1.5165333333333337
8.471,0.095,0.2670666666666648
12.777,0.25,-1.0344333333333307
18.446,0.194,-0.3002333333333347
20.935,0.424,-0.542199999999994
20.188,0.265,-0.31543333333333123
15.993,0.194,-0.36256666666666426
9.599,0.055,-0.4241333333333319
3.057,0.091,0.24576666666666602
-2.359,0.131,-0.23700000000000054
-4.093,0.214,-0.5663333333333336
-2.287,0.143,-0.7251333333333332
3.935,0.1639999999999999,1.4025333333333334
7.782999999999999,0.179,-0.4209333333333367
12.994000000000002,0.158,-0.8174333333333283
18.754,0.307,0.007766666666665145
21.389,0.274,-0.0881999999999934
20.077,0.173,-0.42643333333332833
15.702,0.142,-0.6535666666666646
9.857,0.195,-0.1661333333333328
2.595,0.123,-0.21623333333333372
-4.067,0.166,-1.9450000000000007
-4.5230000000000015,0.171,-0.9963333333333351
-2.224,0.19,-0.6621333333333335
0.3369999999999997,0.109,-2.195466666666667
9.306,0.211,1.1020666666666639
14.758,0.152,0.9465666666666692
18.272,0.267,-0.4742333333333377
21.605,0.151,0.12780000000000769
20.625,0.266,0.12156666666666993
16.803,0.086,0.44743333333333624
8.888,0.135,-1.1351333333333322
2.448,0.097,-0.36323333333333396
-1.045,0.236,1.0769999999999995
-5.642,0.212,-2.115333333333334
-0.2530000000000001,0.125,1.3088666666666666
1.783,0.264,-0.7494666666666667
7.388999999999999,0.221,-0.814933333333336
14.433,0.2,0.6215666666666699
18.803,0.237,0.056766666666664634
21.56,0.127,0.08280000000000598
21.043000000000003,0.1689999999999999,0.5395666666666727
15.814,0.13,-0.5415666666666645
8.286,0.174,-1.7371333333333325
2.969,0.128,0.15776666666666594
-2.109,0.144,0.012999999999999456
-5.1850000000000005,0.183,-1.658333333333334
-2.323,0.188,-0.7611333333333332
1.0279999999999998,0.101,-1.5044666666666668
7.412000000000001,0.165,-0.7919333333333345
12.763,0.209,-1.04843333333333
19.337,0.122,0.5907666666666636
20.903,0.192,-0.574199999999994
20.418,0.187,-0.08543333333333081
16.014,0.175,-0.34156666666666524
10.097,0.177,0.07386666666666741
2.545,0.152,-0.266233333333334
-1.6989999999999998,0.168,0.4229999999999996
-4.279,0.243,-0.7523333333333335
-2.286,0.154,-0.7241333333333333
2.838,0.138,0.30553333333333343
7.358,0.227,-0.8459333333333356
14.0,0.114,0.1885666666666701
18.57,0.216,-0.1762333333333359
21.074,0.216,-0.4031999999999911
20.579,0.219,0.07556666666667056
15.962,0.1669999999999999,-0.39356666666666484
9.1,0.243,-0.9231333333333325
1.6780000000000002,0.068,-1.1332333333333338
-3.457,0.201,-1.3350000000000004
-4.54,0.297,-1.0133333333333336
-1.62,0.246,-0.05813333333333337
3.725,0.279,1.1925333333333334
7.218,0.178,-0.9859333333333353
13.492,0.313,-0.319433333333329
18.945,0.092,0.1987666666666641
21.242,0.233,-0.23519999999999186
20.62,0.265,0.11656666666667093
16.186,0.079,-0.16956666666666464
10.539,0.203,0.5158666666666676
3.031,0.089,0.21976666666666622
-1.622,0.149,0.49999999999999933
-3.583,0.213,-0.05633333333333379
-2.291,0.208,-0.7291333333333332
3.758,0.1689999999999999,1.2255333333333334
8.402000000000001,0.114,0.19806666666666572
14.143,0.18,0.3315666666666708
18.66,0.141,-0.08623333333333605
21.704,0.17,0.22680000000000788
19.923,0.255,-0.5804333333333318
15.458,0.174,-0.8975666666666644
9.32,0.107,-0.7031333333333318
2.773,0.295,-0.038233333333333785
-2.476,0.203,-0.35400000000000054
-3.216,0.13,0.3106666666666662
-2.34,0.18,-0.7781333333333331
1.44,0.105,-1.0924666666666667
5.968,0.114,-2.2359333333333353
13.956,0.19,0.14456666666666962
18.198,0.225,-0.5482333333333358
21.53,0.336,0.052800000000008396
20.285,0.456,-0.21843333333332993
15.289,0.26,-1.0665666666666649
9.844,0.232,-0.1791333333333327
2.4290000000000003,0.127,-0.38223333333333365
-2.211,0.117,-0.08900000000000041
-3.876,0.112,-0.3493333333333335
0.2559999999999998,0.165,1.8178666666666665
2.94,0.173,0.4075333333333333
8.575000000000001,0.165,0.37106666666666577
13.308,0.336,-0.5034333333333301
18.448,0.228,-0.2982333333333358
21.201,0.31,-0.27619999999999223
20.131,0.19,-0.37243333333332984
16.176,0.219,-0.1795666666666662
7.818,0.279,-2.2051333333333325
1.913,0.154,-0.8982333333333339
-3.075,0.136,-0.9530000000000007
-5.601,0.111,-2.0743333333333336
0.2709999999999999,0.226,1.8328666666666666
2.918,0.128,0.3855333333333335
9.153,0.126,0.9490666666666652
14.556,0.198,0.7445666666666693
19.741,0.172,0.9947666666666635
22.083,0.246,0.6058000000000057
20.909,0.213,0.40556666666666885
17.025,0.173,0.669433333333334
9.815,0.133,-0.20813333333333262
2.694,0.054,-0.11723333333333397
-2.326,0.193,-0.20400000000000063
-4.646000000000001,0.223,-1.1193333333333344
-3.857,0.215,-2.2951333333333332
2.819,0.194,0.2865333333333333
8.736,0.199,0.5320666666666654
13.89,0.151,0.07856666666667067
18.872,0.216,0.1257666666666637
21.733,0.236,0.2558000000000078
20.653,0.266,0.14956666666666862
17.028,0.083,0.6724333333333341
9.73,0.151,-0.2931333333333317
3.1860000000000004,0.238,0.37476666666666647
-3.127,0.28,-1.0050000000000003
-6.62,0.247,-3.0933333333333337
-5.276,0.158,-3.714133333333333
3.175,0.193,0.6425333333333332
7.974,0.265,-0.2299333333333351
13.758,0.252,-0.05343333333333078
18.514,0.155,-0.23223333333333684
21.439,0.148,-0.038199999999992684
20.371,0.281,-0.1324333333333314
17.086,0.072,0.7304333333333339
10.821,0.086,0.7978666666666676
2.972,0.139,0.16076666666666606
-1.355,0.161,0.7669999999999995
-3.5170000000000003,0.134,0.009666666666666046
-1.325,0.12,0.23686666666666678
2.073,0.124,-0.4594666666666667
8.601,0.225,0.39706666666666557
14.167,0.152,0.3555666666666699
18.939,0.178,0.19276666666666387
22.544,0.227,1.0668000000000077
20.776,0.193,0.27256666666666973
16.791,0.094,0.4354333333333358
9.348,0.117,-0.6751333333333314
3.42,0.063,0.608766666666666
-2.191,0.112,-0.0690000000000004
-0.9960000000000004,0.187,2.530666666666666
0.0219999999999998,0.189,1.5838666666666665
4.221,0.112,1.6885333333333334
10.178,0.19,1.9740666666666655
13.88,0.157,0.06856666666667088
19.467,0.291,0.7207666666666626
21.562,0.252,0.08480000000000842
20.495,0.124,-0.008433333333329074
16.223,0.12,-0.1325666666666656
9.072,0.177,-0.9511333333333329
4.343999999999999,0.118,1.5327666666666655
-1.81,0.201,0.3119999999999994
-5.792999999999999,0.141,-2.266333333333333
-2.141,0.14,-0.5791333333333333
3.048,0.156,0.5155333333333334
6.7360000000000015,0.09,-1.4679333333333338
14.001,0.183,0.18956666666666955
17.84,0.225,-0.9062333333333363
21.383000000000003,0.231,-0.09419999999999007
20.56,0.072,0.05656666666666865
16.061,0.109,-0.29456666666666464
8.802,0.075,-1.2211333333333325
2.43,0.219,-0.38123333333333376
-0.4530000000000001,0.201,1.6689999999999994
-2.596,0.198,0.9306666666666663
0.026,0.202,1.5878666666666668
3.227,0.19,0.6945333333333332
6.625,0.11,-1.5789333333333353
13.011,0.183,-0.8004333333333307
18.284,0.251,-0.46223333333333727
21.787,0.179,0.3098000000000063
21.763,0.128,1.2595666666666716
16.346,0.133,-0.009566666666664503
9.854,0.178,-0.1691333333333329
3.759,0.1669999999999999,0.947766666666666
-5.138,0.27,-3.0160000000000005
-4.207,0.155,-0.6803333333333335
-1.015,0.11,0.5468666666666668
2.553,0.161,0.020533333333333292
7.175000000000002,0.122,-1.0289333333333337
13.769,0.089,-0.04243333333332977
19.035,0.125,0.28876666666666395
21.264,0.287,-0.2131999999999934
20.886,0.211,0.38256666666666916
15.677,0.138,-0.678566666666665
9.514,0.171,-0.5091333333333328
2.373,0.21,-0.4382333333333337
-1.2899999999999998,0.182,0.8319999999999996
-4.019,0.171,-0.49233333333333373
-3.455,0.12,-1.8931333333333333
3.677,0.077,1.1445333333333334
8.709,0.257,0.5050666666666643
14.656,0.211,0.8445666666666707
18.462,0.308,-0.28423333333333645
21.758000000000003,0.218,0.28080000000000993
20.02,0.202,-0.4834333333333305
15.271,0.224,-1.0845666666666638
9.435,0.117,-0.5881333333333316
1.545,0.098,-1.266233333333334
-3.015,0.374,-0.8930000000000007
-1.274,0.306,2.2526666666666664
-0.175,0.256,1.3868666666666667
4.471,0.175,1.9385333333333334
8.394,0.157,0.19006666666666483
14.245,0.17,0.4335666666666693
19.789,0.201,1.0427666666666653
21.544,0.153,0.06680000000000774
20.188,0.207,-0.31543333333333123
15.92,0.223,-0.43556666666666466
9.691,0.134,-0.3321333333333314
2.504,0.186,-0.3072333333333339
-0.583,0.151,1.5389999999999995
-2.5250000000000004,0.213,1.001666666666666
0.2569999999999997,0.144,1.8188666666666664
3.266,0.135,0.7335333333333334
9.16,0.135,0.9560666666666648
15.258,0.122,1.4465666666666692
19.63,0.172,0.8837666666666628
21.479,0.183,0.001800000000006463
20.587,0.238,0.08356666666666968
16.371,0.154,0.015433333333334076
9.653,0.142,-0.37013333333333165
3.835,0.112,1.023766666666666
-1.4329999999999998,0.078,0.6889999999999996
-4.263,0.12,-0.7363333333333335
-1.361,0.156,0.20086666666666675
3.252,0.117,0.7195333333333331
8.686,0.151,0.48206666666666464
14.642,0.171,0.8305666666666696
20.021,0.245,1.2747666666666646
22.243,0.185,0.7658000000000058
21.295,0.124,0.7915666666666716
16.160999999999998,0.143,-0.19456666666666678
9.22,0.142,-0.8031333333333315
2.9090000000000003,0.108,0.09776666666666634
-1.501,0.165,0.6209999999999996
-3.103,0.191,0.4236666666666662
-2.817,0.133,-1.2551333333333334
3.12,0.23,0.5875333333333335
9.439,0.153,1.2350666666666648
14.031,0.16,0.21956666666667068
18.698,0.181,-0.04823333333333579
21.974,0.242,0.49680000000000746
20.469,0.282,-0.034433333333328875
16.236,0.196,-0.11956666666666393
9.901,0.208,-0.12213333333333232
2.597,0.157,-0.21423333333333394
-4.0680000000000005,0.086,-1.946000000000001
-1.1230000000000002,0.195,2.403666666666666
-1.747,0.107,-0.18513333333333337
4.465,0.24,1.9325333333333332
9.38,0.08,1.1760666666666655
13.772,0.112,-0.039433333333329657
19.78,0.255,1.033766666666665
21.605,0.175,0.12780000000000769
20.857,0.218,0.35356666666666925
17.457,0.203,1.1014333333333362
9.592,0.159,-0.4311333333333316
3.622,0.3,0.810766666666666
-3.401,0.19,-1.2790000000000004
-3.859,0.109,-0.3323333333333336
1.043,0.138,2.6048666666666667
3.496,0.202,0.9635333333333334
9.144,0.141,0.9400666666666648
15.076,0.134,1.2645666666666706
19.335,0.087,0.5887666666666647
21.616,0.188,0.13880000000000692
20.866,0.195,0.3625666666666696
16.607,0.156,0.25143333333333473
10.154,0.125,0.1308666666666678
1.4780000000000002,0.12,-1.3332333333333337
-1.0319999999999998,0.12,1.0899999999999996
-1.7390000000000003,0.191,1.787666666666666
0.6619999999999999,0.187,2.223866666666667
4.227,0.163,1.6945333333333337
8.729000000000001,0.262,0.5250666666666657
14.029000000000002,0.075,0.2175666666666718
18.477,0.227,-0.2692333333333359
20.595,0.212,-0.8821999999999939
19.492,0.175,-1.0114333333333292
15.458,0.266,-0.8975666666666644
9.527,0.083,-0.49613333333333287
2.125,0.238,-0.6862333333333339
-2.906,0.357,-0.7840000000000007
-3.498,0.192,0.028666666666666174
-2.381,0.184,-0.819133333333333
3.195,0.159,0.6625333333333332
8.246,0.133,0.04206666666666514
14.63,0.247,0.8185666666666709
18.459,0.119,-0.28723333333333656
21.254,0.166,-0.2231999999999914
20.486,0.174,-0.017433333333329415
15.534,0.184,-0.8215666666666639
9.591,0.114,-0.4321333333333328
1.893,0.189,-0.9182333333333339
-1.0019999999999998,0.129,1.1199999999999997
-3.729,0.228,-0.2023333333333337
-2.622,0.15,-1.0601333333333331
3.743,0.127,1.2105333333333332
9.035,0.1669999999999999,0.8310666666666648
14.413,0.115,0.6015666666666704
19.964,0.209,1.2177666666666624
21.694000000000003,0.206,0.21680000000000987
20.807,0.147,0.30356666666666854
16.567,0.178,0.21143333333333558
9.572,0.099,-0.45113333333333294
2.7,0.208,-0.11123333333333374
-0.8999999999999999,0.156,1.2219999999999995
-2.139,0.176,1.3876666666666666
0.2569999999999997,0.175,1.8188666666666664
3.055,0.131,0.5225333333333335
7.975,0.189,-0.22893333333333565
13.717,0.126,-0.09443333333332937
18.469,0.162,-0.277233333333335
21.632,0.147,0.1548000000000087
21.586,0.157,1.0825666666666685
16.739,0.179,0.3834333333333362
10.03,0.111,0.006866666666667243
2.613,0.132,-0.19823333333333393
-1.962,0.093,0.15999999999999948
-4.316000000000002,0.174,-0.7893333333333352
-0.887,0.126,0.6748666666666667
2.021,0.1,-0.5114666666666667
7.975,0.182,-0.22893333333333565
14.586,0.135,0.7745666666666704
19.513,0.154,0.7667666666666655
21.636,0.183,0.1588000000000065
20.497,0.147,-0.006433333333330182
15.429,0.172,-0.9265666666666643
8.822000000000003,0.122,-1.2011333333333294
1.809,0.105,-1.002233333333334
-2.033,0.077,0.08899999999999952
-4.0120000000000005,0.1639999999999999,-0.48533333333333406
0.219,0.159,1.7808666666666668
3.757,0.216,1.2245333333333335
7.08,0.113,-1.1239333333333352
13.906,0.159,0.09456666666667068
19.042,0.159,0.2957666666666654
21.597,0.246,0.11980000000000857
20.642,0.214,0.1385666666666694
17.458,0.192,1.1024333333333338
9.233,0.201,-0.7901333333333316
2.947,0.098,0.13576666666666615
-1.7939999999999998,0.089,0.3279999999999996
-1.6900000000000004,0.125,1.836666666666666
1.0,0.136,2.561866666666667
3.317,0.146,0.7845333333333335
8.865,0.154,0.6610666666666649
15.193,0.106,1.3815666666666697
18.771,0.157,0.024766666666664605
22.626,0.141,1.1488000000000085
21.299,0.105,0.7955666666666694
18.384,0.174,2.0284333333333358
10.435,0.119,0.4118666666666684
4.521,0.068,1.709766666666666
-1.0269999999999997,0.104,1.0949999999999998
-2.5500000000000003,0.091,0.9766666666666661
0.1880000000000001,0.182,1.749866666666667
2.9760000000000004,0.1,0.4435333333333338
8.379000000000001,0.165,0.17506666666666604
13.885,0.157,0.07356666666666989
18.912,0.125,0.16576666666666284
21.923,0.204,0.4458000000000055
21.085,0.183,0.5815666666666708
16.269000000000002,0.179,-0.08656666666666268
9.818,0.132,-0.2051333333333325
5.34,0.1,2.528766666666666
-1.4209999999999998,0.128,0.7009999999999996
-2.338,0.149,1.1886666666666663
2.005,0.157,3.566866666666667
5.146000000000001,0.135,2.613533333333334
8.929,0.121,0.725066666666665
15.085,0.177,1.273566666666671
19.294,0.16,0.5477666666666643
21.605,0.231,0.12780000000000769
21.263,0.259,0.7595666666666716
16.525,0.113,0.169433333333334
10.134,0.168,0.11086666666666822
1.608,0.091,-1.2032333333333338
-3.459,0.186,-1.3370000000000006
-2.052,0.142,1.4746666666666663
-0.73,0.157,0.8318666666666668
2.6060000000000003,0.124,0.07353333333333367
9.274,0.084,1.0700666666666638
14.728,0.131,0.9165666666666699
19.357,0.175,0.6107666666666631
21.907,0.198,0.4298000000000073
21.653,0.098,1.1495666666666686
16.925,0.217,0.5694333333333361
9.586,0.094,-0.4371333333333318
5.2330000000000005,0.161,2.4217666666666666
-1.0599999999999998,0.084,1.0619999999999996
-1.1660000000000004,0.197,2.360666666666666
-0.2230000000000001,0.135,1.3388666666666666
2.08,0.148,-0.4524666666666666
9.211,0.135,1.007066666666665
13.908,0.128,0.09656666666666958
20.052,0.093,1.3057666666666634
22.675,0.238,1.197800000000008
20.901,0.124,0.39756666666666973
17.518,0.118,1.162433333333336
9.288,0.199,-0.7351333333333319
3.919,0.089,1.1077666666666661
-0.369,0.104,1.7529999999999994
-1.8200000000000005,0.118,1.7066666666666659
-1.26,0.151,0.3018666666666667
3.438,0.144,0.9055333333333335
9.014,0.228,0.810066666666664
14.443,0.202,0.6315666666666697
18.871,0.267,0.12476666666666247
22.499,0.225,1.021800000000006
21.833,0.3,1.3295666666666683
16.299,0.202,-0.0565666666666651
11.466,0.28,1.4428666666666672
3.35,0.104,0.5387666666666662
-1.0719999999999998,0.134,1.0499999999999996
-3.841,0.197,-0.3143333333333338
-1.4269999999999998,0.13,0.1348666666666669
5.178,0.175,2.6455333333333333
9.388,0.185,1.1840666666666646
15.247,0.144,1.43556666666667
19.228,0.279,0.48176666666666534
21.663,0.166,0.18580000000000751
20.175,0.217,-0.32843333333332936
16.468,0.127,0.11243333333333538
10.67,0.232,0.6468666666666678
4.191,0.113,1.379766666666666
-0.93,0.112,1.1919999999999993
-1.8840000000000003,0.112,1.642666666666666
0.4079999999999999,0.16,1.9698666666666667
3.548,0.1639999999999999,1.0155333333333334
8.797,0.148,0.5930666666666653
14.204,0.154,0.3925666666666707
19.511,0.134,0.764766666666663
22.478,0.129,1.0008000000000088
21.353,0.085,0.8495666666666715
17.73,0.074,1.3744333333333358
10.489,0.163,0.46586666666666865
3.65,0.158,0.838766666666666
-1.5719999999999998,0.16,0.5499999999999996
-0.2870000000000004,0.183,3.239666666666666
-0.5740000000000001,0.1669999999999999,0.9878666666666667
2.794,0.204,0.2615333333333334
9.85,0.262,1.6460666666666643
15.155,0.259,1.3435666666666695
19.933,0.172,1.1867666666666636
22.911,0.181,1.4338000000000086
21.079,0.185,0.5755666666666706
15.992,0.121,-0.3635666666666637
9.608,0.127,-0.4151333333333316
3.4,0.134,0.588766666666666
-0.1669999999999998,0.157,1.9549999999999996
-2.9590000000000005,0.106,0.5676666666666659
-2.24,0.208,-0.6781333333333335
4.446000000000001,0.142,1.913533333333334
8.476,0.15,0.27206666666666557
15.101,0.102,1.289566666666671
19.705,0.162,0.9587666666666621
22.352,0.162,0.8748000000000076
22.118,0.106,1.6145666666666685
17.365,0.228,1.0094333333333338
10.932,0.081,0.9088666666666683
4.502,0.124,1.6907666666666659
-1.7479999999999998,0.133,0.37399999999999967
-3.883000000000001,0.1639999999999999,-0.3563333333333345
-1.586,0.122,-0.02413333333333334
2.8280000000000003,0.182,0.29553333333333365
7.902,0.124,-0.30193333333333516
13.723,0.112,-0.08843333333332914
19.381,0.181,0.634766666666664
21.69,0.11,0.21280000000000854
20.543000000000003,0.251,0.039566666666672745
16.567,0.151,0.21143333333333558
9.164,0.125,-0.8591333333333324
3.62,0.08,0.8087666666666662
-2.532,0.117,-0.4100000000000006
-3.5690000000000004,0.099,-0.042333333333334
-0.31,0.188,1.2518666666666667
2.833,0.117,0.30053333333333354
8.172,0.216,-0.0319333333333347
14.884,0.17,1.0725666666666704
18.962,0.146,0.21576666666666355
21.463,0.287,-0.014199999999991775
20.436,0.221,-0.06743333333333013
17.166999999999998,0.118,0.8114333333333335
8.533999999999999,0.103,-1.4891333333333332
4.251,0.195,1.4397666666666664
-3.178,0.116,-1.0560000000000005
-3.61,0.115,-0.08333333333333348
-2.105,0.101,-0.5431333333333332
3.4360000000000004,0.192,0.9035333333333337
9.55,0.094,1.3460666666666654
14.174,0.163,0.3625666666666696
19.885,0.182,1.1387666666666654
22.078000000000003,0.229,0.6008000000000102
21.703000000000003,0.256,1.1995666666666729
17.384,0.113,1.0284333333333358
10.913,0.053,0.8898666666666681
3.6010000000000004,0.155,0.7897666666666665
-2.942,0.208,-0.8200000000000007
-3.507000000000001,0.208,0.01966666666666539
-1.881,0.136,-0.31913333333333327
3.462,0.106,0.9295333333333335
8.582,0.158,0.37806666666666544
13.759,0.183,-0.05243333333332956
19.578,0.251,0.8317666666666632
22.722,0.22,1.2448000000000086
21.915,0.132,1.411566666666669
17.148,0.11,0.7924333333333351
10.49,0.134,0.4668666666666681
2.966,0.186,0.15476666666666627
-0.6349999999999998,0.253,1.4869999999999997
-2.2680000000000007,0.232,1.2586666666666657
0.5819999999999999,0.182,2.143866666666667
6.023999999999999,0.138,3.4915333333333325
10.196000000000002,0.278,1.9920666666666662
15.422,0.196,1.6105666666666707
19.954,0.273,1.2077666666666644
23.008000000000003,0.278,1.53080000000001
21.422,0.251,0.9185666666666705
17.035999999999998,0.185,0.6804333333333332
9.688,0.225,-0.3351333333333315
3.33,0.12,0.5187666666666662
-1.261,0.228,0.8609999999999995
-2.155,0.185,1.3716666666666666
-1.216,0.216,0.34586666666666677
2.289,0.222,-0.2434666666666665
6.9700000000000015,0.221,-1.2339333333333338
14.073,0.178,0.2615666666666705
20.198,0.236,1.4517666666666642
22.074,0.152,0.5968000000000089
21.168000000000003,0.249,0.6645666666666727
18.273,1.21,1.917433333333335
